"peptides","rt"
"LAADDFR",42.6856
"SILYDER",42.8576
"DPLELFR",53.7774
"EAVLLLK",46.3716
"IDELEPR",42.1346
"QWLQEVK",43.9182
"SEVDMLK",42.1551
"VVDPFSK",44.001
"VFQFLNAK",47.8963
"EIEYEVVR",43.9207
"ALDFIASK",45.9474
"NDLMEYAK",43.8791
"YNLGLDLR",48.7438
"LLEGEEER",41.4155
"LAVPIILR",51.4931
"ESFAEMNR",41.0328
"VPFLFTIK",54.3266
"YFDPANGK",41.9226
"AVVIVDDR",42.6448
"LLEGEESR",41.2859
"TEISEMNR",41.0979
"ALTTMGFR",44.8062
"VIFGLFGK",53.7765
"EDMAALEK",42.2217
"TISETIER",41.6703
"FNTTSVIK",42.5651
"LISTLIYK",46.7534
"VITMFVQR",46.4987
"IGVLDEGK",43.0252
"LNNELLAK",42.5176
"TVALWDLR",51.239
"DDSPDLPK",42.2205
"FVIATSTK",42.7286
"VPTWGPLR",46.7102
"IVVNLTGR",44.1926
"LNMELSEK",43.0327
"MPIIPFLL",71.2997
"DVDFELIK",52.2971
"VATVSLPR",42.8551
"LYELDGLR",47.391
"GPSWDPFR",49.7161
"IPLNDLFR",51.5775
"QEIASAFK",42.5626
"LQEEMLQR",41.3352
"DLEDSLAR",44.8927
"ALMDEVVK",44.9765
"MDELQLFR",51.3245
"IGASFLQR",44.6368
"VNLAELFK",52.8044
"ELETVDFK",44.896
"LPLPEPWR",50.2679
"LNFAVASR",43.9595
"AQYDELAR",42.0525
"YETELAMR",43.0769
"VVNPLFEK",45.4851
"DFVNYLVR",52.3394
"LDFEEFMK",53.9888
"SSMTFLTR",45.1466
"SEQFINLR",45.3216
"LQLEIDQK",44.5537
"VITDENWR",43.1574
"MLEQLDMR",45.7823
"SLDDFFAK",48.6153
"IPDWFLNR",52.5942
"LDYLSSLK",47.5147
"SVFLEQMK",45.5748
"ASLCISTK",41.9693
"EELEVEIK",44.5545
"ELEEDFIK",46.5849
"VYSLDDIR",45.8213
"LRVDPANFR",43.1599
"LILPGELAK",81.4409
"VVFVFGPDK",49.8009
"IMSIVDPNR",44.9392
"EQGVLSFWR",52.7206
"DSEDIYNLK",45.5299
"VTMQNLNDR",40.8731
"EDAVLEYLK",50.0574
"QRIDEFESM",45.7008
"ESYSVYVYK",64.2
"SDVEAIFSK",46.4996
"TYLPSQVSR",42.4795
"QTVAVGVIK",42.8584
"GDYDVTVPK",43.0761
"APFDLFENR",52.1278
"YIDQEELNK",41.9793
"NLVTEDVMR",44.8518
"LYSVSYLLK",50.2704
"YQQLFEDIR",47.8237
"VNFAMNVGK",44.4272
"QEILAALEK",46.9704
"HGSLGFLPR",43.2849
"ENILEEFSK",51.028
"SGYLLPDTK",44.5962
"LQLPVWEYK",51.7921
"DWNTLIVGK",52.2979
"LLQDFFNGK",50.6063
"LQLLEPFDK",51.7905
"GPLMMYISK",48.1088
"QFAEMYVAK",44.4338
"VNFTVDQIR",45.6991
"AELDDTPMR",42.4786
"STFVLDEFK",50.6072
"AEEDEILNR",42.7801
"TLETVPLER",44.178
"FGISSVPTK",43.7039
"AQYEDIANR",41.8878
"EYQELMNVK",44.3052
"LLLPWLEAR",57.419
"LSNIFVIGK",49.7169
"ETVLSALSR",46.6256
"NLLQVDLTK",48.539
"VETFSGVYK",43.2866
"VLLVPGPEK",45.0593
"AIFQTIQNR",44.1797
"LEAPLEELR",47.518
"SLFSNVVTK",46.1613
"APWELLELR",55.4699
"LSEQELQFR",44.9002
"DTDSINLYK",45.0188
"YQGGFLISR",46.2494
"VEFMDDTSR",43.8374
"ILNPEEIEK",44.0077
"ELLTEFGYK",49.4231
"LLQQEEEIK",42.1838
"LFEGNALLR",47.9818
"VFQVEYAMK",46.2088
"AMENIGELK",43.3689
"IQASTMAFK",42.9863
"SLVFEDDLR",48.9978
"SAINEVVTR",42.2255
"AAVTSLFAK",45.9491
"LQEVDSLWK",48.2408
"YYPTEDVPR",42.7809
"CLAALASLR",47.136
"DIVENYFMR",52.8492
"YIETDPANR",41.4197
"AFAAGADIK",42.2196
"EYQELMSVK",44.5995
"MNVLADALK",47.8533
"AAVEWFDGK",47.3078
"FSEGEATLR",42.0981
"TIGISVDPR",44.3857
"DIVQFVPFR",55.9351
"LTFLEEDDK",46.8399
"FEDENFILK",49.1263
"YVANIFPYK",48.7454
"DGVVEITGK",43.4537
"ALPCIVDVR",47.685
"EEVNEWFTK",47.4832
"NNFEGEVTK",41.5035
"YIDEEELNK",41.9793
"LGSLVDEFK",48.5356
"LVEIAQVPK",44.3409
"YMEENDQLK",41.1217
"EPFTIAQGK",43.4936
"SPLQSVVVR",43.6241
"LSPDAIPGK",42.3031
"MTILQTYFR",52.1311
"DNLAEDIMR",49.9719
"AEIDMLDIR",50.5227
"VFSLSSEFK",48.1951
"IVLQIDNAR",44.8752
"DQIYDIFQK",52.6782
"DLEALLNSK",51.832
"YLVLDEADR",45.9118
"VEEEIVTLR",45.1948
"IGPLGLSPK",45.2286
"GLFEVNPWK",52.3402
"IPTISTQLK",44.428
"YLENYDAIR",44.4763
"LPLISGFYK",51.7048
"TTIFSPEGR",43.7957
"DGYVLSLNR",48.1545
"AIENELLAR",45.1008
"TVESITDIR",43.8824
"ALEAFETFK",48.196
"TSTPEDFIR",44.8985
"GDSVIVVLR",47.3054
"VAALQNLVK",44.8935
"QDAQVVLYR",43.6699
"AYTNFDAER",42.3094
"IQDIVGILR",50.3517
"MELQEIQLK",47.3485
"ETMQSLNDR",40.7951
"VIMDALDER",45.7831
"LSPEELLLR",52.2539
"IIGNLLYYR",49.9524
"SYLYFTQFK",50.9915
"LDELYGTWR",48.3231
"NPDTQWITK",43.6282
"LVIITAGAR",44.5945
"SLSAIYLEK",45.7814
"DYNHWLATK",43.7532
"LEATINELV",54.8346
"VTAVPTLIK",46.0751
"YVANLFPYK",48.7454
"NDLAVVDVR",44.8968
"GYTQQLAFR",44.1789
"AMADALLER",46.0371
"AVLGTSNFK",42.6481
"ALLTLADGR",46.3309
"VITIMQNPR",43.7507
"LSEELSGGR",41.5018
"DLEEAEEYK",42.9488
"VIVPNMEFR",48.4061
"NTPAFFAER",45.2743
"DQEFTVDTR",43.7105
"APGFAQMLK",46.4596
"DVNQQEFVR",42.9921
"VPEWVDTVK",46.0801
"GLFTGLTPR",48.6161
"FSPTDFLAK",51.9578
"QPPIDNIIR",45.8238
"FDDPLLGPR",49.1669
"LLPDDPYEK",44.3027
"EAFLQEVWK",52.1294
"ATFSEFAAK",43.7482
"AALQELLSK",47.1784
"ELVVGGLDR",45.7789
"GLSQSALPYR",43.3281
"DEQLESLFQR",52.2573
"LGINSLQELK",47.5612
"YYSFFDLNPK",53.993
"VAASNIVQMK",42.1614
"FEELNMDLFR",55.0906
"DSTLIMQLLR",57.9285
"TVQAVLTIPK",46.3334
"VVLPIEAPIR",50.3094
"AGFAGDDAPR",41.5027
"APDFVFYAPR",51.1152
"ESEAVEWQQK",42.3181
"LQQLPADFGR",45.4935
"STLNEIYFGK",47.6044
"LTQDQDVDVK",41.341
"VDSLLENLEK",49.5052
"QSLPPGLAVK",44.0506
"IMLPWDPTGK",54.4752
"NLDDGIDDER",42.7834
"MPFLSISSPK",49.9744
"VLITTDLLAR",51.1982
"VYVIGSFVDK",49.1703
"LTTLELLEVR",53.1857
"SNTPILVDGK",42.9048
"AAGVVLEMIR",49.3799
"LLEELEEGQK",45.1973
"VAQPTITDNK",41.2917
"ITLDNAYMEK",45.1558
"DFLLQQTMLR",54.6039
"MVETLSNLLR",51.1143
"EAESSPFVER",42.6973
"IEVIEIMTDR",51.8336
"SSVLENFVGR",48.7911
"FPLTTESAMK",44.8153
"FEELNADLFR",52.0886
"EGALCEENMR",41.7633
"EANNFLWPFK",56.616
"FPGQLNADLR",45.747
"LAVNMVPFPR",50.9662
"TSYLTELIDR",51.5833
"IEGLLAAFPK",52.1701
"GTLSGWILSK",50.4372
"IDTIEIITDR",50.1412
"FGLNVSSISR",46.9737
"AIDLFTDAIK",52.5519
"YEELQSLAGK",43.8857
"RLTFDEIQSK",42.7428
"QIDLSTVDLK",48.3215
"QANTGLFNLR",47.012
"IETIEVMEDR",46.1264
"KFDQLLAEEK",43.0394
"NAAGALDLLK",48.1528
"LTLSALLDGK",52.5927
"IYGISFPDPK",50.6898
"QDSLVINLNR",47.1809
"LLVPILLPEK",55.9767
"AVGLLTVISK",50.267
"INFDDNAEFR",46.2961
"ALQQLLFPGK",50.8595
"IYLDMLNVYK",54.1192
"IISIFSGTEK",48.3198
"NVQILNMVTR",48.9571
"ANPDLPILIR",50.9873
"GTVVTGTLER",42.1821
"VFLATNSDYK",43.799
"GGEIQPVSVK",42.0091
"EVSFDVELPK",50.5642
"LSISETYDLK",46.5899
"FIGPSPEVVR",44.8535
"DGTGVVEFVR",47.8567
"ILYLTPEQEK",45.789
"LVNELTEFAK",47.9455
"LLVVYPWTQR",53.1035
"GYFEYIEENK",48.074
"AIPQLQGYLR",48.6211
"FLMANGQLVK",46.2511
"VMSEFNNNFR",44.141
"AYAALAALEK",46.5004
"YQETFNVIER",45.7923
"DNQLSEVANK",42.0158
"QPLALNVAYR",46.1222
"LLNFPTIVER",52.3826
"NALALFVLPK",55.2573
"QEELEAALQR",44.011
"VIITNFPAAK",45.8254
"FDTQYPYGEK",43.3781
"ICDDELILIK",51.072
"DVNAAIATIK",45.8221
"ELLAVPDNYK",46.8847
"HYEVEILDAK",43.889
"WRPVDLAQVK",44.7738
"ELAPLFEELR",54.7076
"ISDSVLVDIK",47.7763
"LVQAFQFTDK",47.5688
"SPEVLLGSAR",44.0474
"AAVVPLGTWR",48.4053
"SLEDQVEMLR",48.7083
"EVSSATNALR",41.4623
"MLEENTNILK",44.6933
"GPTEADELMK",42.9471
"VQPNEAVYTK",41.423
"QQLLIGAYAK",45.7839
"EADDIVNWLK",54.3292
"NFEDVAFDEK",46.8032
"WTPIEYFNNK",51.415
"YLAEVATGEK",42.3081
"SSGALHFLGR",43.5834
"ILDVLEEIPK",54.2436
"IPKAFQFDTK",47.4035
"FADLSEAANR",43.0786
"NLQEAEEWYK",45.75
"IDSDISGTLK",43.3256
"VRVELSNGEK",41.0362
"LPSDVVTAVR",44.5103
"EFEFSQLPLK",52.6807
"LSLLLNDISR",52.0423
"EGDLIAAQAR",42.5676
"GPVEADELMK",42.9471
"IVEQDTMPPK",41.1208
"IEAACFATIK",45.4436
"LGLSTLGELK",49.0418
"GDDLSTAILK",46.9712
"VEVTEFEDIK",47.246
"IIQLLDDYPK",50.4405
"VFGFSLITNK",53.228
"FQSLNADINK",43.1201
"DLIGVQNLLK",55.0458
"DLTSWVTEMK",55.8086
"SADTLWGIQK",47.2224
"GDEELDSLIK",48.6203
"LLDEVFFSEK",53.1026
"IFAPNHVVAK",41.5833
"AFANPEDALR",45.1516
"SAFSEEVNIK",44.0904
"FMTTAMYDAR",45.0255
"GVALSNVIHK",42.3548
"VLELNASDER",43.0802
"LYSILGTTLK",50.5235
"LVESLPQEIK",44.9417
"AELIVQPELK",46.7592
"FEELCSDLFR",51.5015
"SEMTPEELQK",41.2975
"TFDSIVMDPK",47.3494
"MISDAIPELK",48.4916
"YGVSGYPTLK",44.3433
"GIFTSEIGTK",45.6543
"DALNIETAIK",48.4908
"IQLVEEELDR",46.9337
"VAQLEQVYIR",45.5815
"IIEIEDEAEK",43.7565
"ALQSPALGLR",44.8977
"STLDIVLANK",48.1096
"TLHPDLGTDK",41.3368
"LGGIGQFLAK",49.0409
"LDGEASINNR",41.336
"DAVLLVFANK",54.3283
"YETLFQALDR",52.9339
"ELIPTEEALR",47.0129
"LAEVEAALEK",44.1339
"LTAEDLFEAR",50.9898
"VLADPSDDTK",41.3753
"QNLIAEVSTK",44.4355
"ELLTSFGPLK",51.41
"NLDFQDVLDK",51.7938
"FDAGELITQR",48.0283
"TMVQELLDFK",55.1769
"LLEPVLLLGK",55.1744
"LQAVTDDHIR",41.4239
"TIFAYFTGSK",51.8733
"GTAVVNGEFK",42.0558
"ILWESASLLR",52.7214
"CVSELVIESR",44.9018
"IAGYVTHLMK",42.9018
"VFYYLVQDLK",52.7671
"GSDQAIITLR",45.3225
"TFESLVDFSK",51.537
"AVDPEDDFQR",42.9938
"YNSQLLSFVR",50.2762
"LMDVGLIAIR",53.6091
"AAEVWMDEYK",46.6754
"ISGLIYEETR",63.6347
"FVYVWDTTSR",50.1904
"YLECSALTQR",43.1657
"EMAIPVLEAR",50.6485
"NHEEEMNALR",40.9729
"EALDDVTLPR",47.0112
"IPGLLGVFQK",53.693
"IFAQDGEGQR",41.506
"LDVTILSPSR",49.1271
"EATFQMELPK",48.3655
"AEPVEVVAPR",42.9454
"GFSLLATEDK",47.7747
"FFADLLDYIK",60.73
"IITVSMEDVK",46.0404
"VIQQESYTYK",41.765
"GNFNYIEFTR",49.0858
"MEEANIQPNR",41.4648
"EMVANWDSLR",48.3663
"VLLMELEEAR",50.8222
"QAFAPFGPIK",49.0824
"LTSLNEEYTK",42.3148
"QYASYEFVQR",44.3517
"LPAVVTADLR",46.9262
"VVDLLAPYAK",49.9727
"WSEPNEEELIK",46.1763
"QTTQDAPEEVR",41.0809
"LSSDVLTLLIK",57.1215
"LALGIPLPELR",56.6135
"VVPGYGHAVLR",41.9327
"NFATSLYSMIK",54.7118
"DYETATLSEIK",47.4069
"EVYELLDSPGK",47.5222
"NELESYAYSLK",47.1859
"LQNNNVYTIAK",42.5826
"YLAEFATGNDR",44.856
"SLSQIHEAAVR",41.3795
"TDYMVGSYGPR",44.5178
"AVFPSIVGRPR",44.1148
"LAVSAQSEPAR",41.4222
"YIIIGDMGVGK",50.4389
"KESEAVEWQQK",41.218
"LAAIAESGVER",42.5468
"QQQLLNEENLR",43.5992
"TLEEAVGNIVK",47.4019
"ILDEIEEHNIK",43.2098
"DGIGNIEQMTR",60.7726
"HQGVMVGMGQK",40.7725
"IGGIGTVPVGR",44.3882
"ISIPDVDLDLK",53.7377
"ISMPDVDLHLK",48.1495
"ISMPDVGLNLK",51.0703
"ISMPEVDLNLK",51.4981
"MYFPDVEFDIK",56.153
"LLNVGFQEALK",49.7227
"AFSDPFVEAEK",48.4551
"ELPDPQESIQR",43.6357
"LVSDGNINSDR",41.5518
"IRYESLTDPSK",42.0233
"DFMIQGGDFEK",51.1633
"KVTQLDLDGPK",42.0208
"EITALAPSTMK",75.1975
"VEVVSPLSSWK",49.8467
"ASWSSLSMDEK",45.6153
"EATTEFSVDAR",43.4621
"GDLGIEIPAEK",47.9395
"TTSAGTGGMWR",41.2105
"DVVTAAGDMLK",49.8874
"EPELGLEELLR",55.8517
"VVESGGPEILK",43.2924
"IVAIGTSDLDK",44.729
"LMMDPLTGLNR",52.0456
"TLNQQLTNHIR",41.7675
"LDLGEDYPSGK",44.6917
"GCPPDDIENPR",41.6398
"LETDPAIVINR",46.2961
"VEIIANDQGNR",42.3173
"EQSVQEIPVSR",42.5801
"VFSGLVSTGLK",47.3469
"LYGDVPFIEER",51.2913
"IALTDNALIAR",47.9852
"SEEEFIHINNK",42.8243
"NLIDAGVDALR",50.8612
"LLDIAAEYADK",51.3295
"TPYTIMFGPDK",49.8509
"LDQPMTEIVSR",42.7056
"AAPGAEFAPNK",41.887
"VSEQGLIEILK",51.8758
"TEMENEFVLIK",50.9542
"TSLSALTQLMK",52.0431
"IYIDSNNNPER",42.1513
"FCLEPTSFTVK",50.5285
"VNYQANIWALK",49.6006
"YQAVTATLEEK",42.995
"LIEEVMIGEDK",48.0723
"FYNELTEILVR",55.4376
"IGGGIDVPVPR",46.5477
"WDLSAQQIEER",47.528
"AGVLAHLEEER",42.7403
"ILMVGLDAAGK",48.8286
"WTEYGLTFTEK",50.2804
"VVDLMAHMASK",42.6732
"YGPFVADFADK",50.1429
"VVACNLYPFVK",49.5566
"ELAAQLNEEAK",42.5243
"AMLDQLMGTSR",50.2754
"IEVLYEDEGFR",49.0933
"VDAQFGGIDQR",43.8449
"FDGILGMAYPR",53.2297
"EDVFVHQTAIK",42.5276
"FNVWDTAGQEK",46.9795
"LTPEEEEILNK",44.6983
"LGGNEIVSFLK",51.9165
"DFLDSLGFSTR",59.2009
"VEQIEAGTPGR",41.5085
"GPILMELQTYR",51.1176
"MSSTIFSTGGK",43.9679
"EIAQDFKTELR",43.4671
"FLMSLVNQVPK",51.499
"DITSDTSGDFR",44.3085
"KIDASQTEFEK",41.3485
"ELTALAPSTMK",75.1975
"TGPNLHGLFGR",45.1258
"LANIDEEMLQK",45.8719
"LYEQILAENEK",45.7508
"EIGNIISDAMK",45.407
"GMTNINDALLR",47.2714
"YASSANLHLPK",41.9668
"LQIVEMPLAHK",46.0504
"HLVDEPQNLIK",43.4179
"QIYLSGLHSWK",45.363
"VDEVGGEALGR",42.61
"ELLDTVNNVFK",52.7222
"IPGSPPESMGR",41.6348
"VAGVVAPTLPR",45.194
"DLVDYITTHYK",51.5875
"ADVQSIIGLQR",48.6245
"LSQLEGVNVER",43.5019
"FAEALGSTEAK",42.3921
"ILITTVPPNLR",49.0874
"VEGPAFTDAIR",46.1239
"APQLVGQFIAR",48.1147
"LEAAIAEAEER",43.1242
"IEELQLIVNDK",49.981
"QAGVFEPTIVK",45.9989
"VLTPEEQLADK",43.3772
"QSGYPLWSLGR",51.0728
"TTYLVLDEADR",47.6475
"STESLQANVQR",41.4557
"ELGLPEELVSR",51.0305
"QQISLATQMVR",45.2991
"QAQILASEAEK",41.9335
"RTIAQDYGVLK",42.7444
"VTGEVLDILTR",52.2988
"LFEEPEDPSNR",43.5501
"LTPLSHEVISR",42.2746
"YGLVTYATEPK",44.9865
"QGYVLSSIEGR",45.7033
"SMYEEEINETR",42.9979
"ASAGSYISALR",44.8526
"LWDLTTGTTTR",48.4975
"VSGGLEVLAEK",45.5773
"GGYFDEFGIIR",54.6255
"GTITVSAQELK",43.2933
"NLPLPPPPPPR",46.0607
"DEPGAWEETFK",49.0883
"NISHYEEQLVK",42.3231
"DSLIFLVDASK",56.3157
"LPDVYGVFQFK",55.6826
"NSDSILEAIQK",48.0673
"LQAAVDGPMDK",42.3929
"AFLTLAEDILR",58.3528
"VSVHVIEGDHR",41.0792
"LSDQFHDILIR",46.937
"LGEMWSEQSAK",44.3492
"MEETPTEYLQR",44.7
"ELEALDEVFTK",52.8949
"LEIEPEWAYGK",50.04
"ITQDIFQQLLK",55.3911
"VQIPIMLVGNK",52.1319
"DIMTPLVALLK",63.1952
"SEMEVQDAELK",42.4251
"GYAFVQYSNER",44.7382
"AAYEAELGDAR",42.6556
"QNGDDPLLTYR",45.9201
"DLDAPDDVDFF",66.4758
"IANPVEGSTDR",41.7168
"TFDQLTPDESK",43.8474
"YSLEPVAVELK",49.5077
"MVVESAYEVIK",47.3088
"IELLGSYDPQK",48.0706
"TENLLGSYFPK",51.2006
"LGELPSWILMR",57.5498
"TPFLLSGTSYK",48.201
"SLGEISALTSK",46.1214
"QAEMLDDLMEK",49.6014
"VIILGDSGVGK",45.7416
"NTAEWLLSHTK",44.9475
"LGVQDLFNSSK",51.5825
"ELAPLQELIEK",53.6947
"GIFNGFSVTLK",53.5914
"ENLESWLNYLK",58.059
"LLADPTGAFGK",47.3104
"EALDVLGAVLK",55.8492
"QPSQGPTFGIK",43.2449
"WMIQYNNLNLK",51.4225
"FGEPVLAGFAR",50.9898
"EIEIDIEPTDK",48.1188
"EAIIPGSVYDR",46.1679
"FMETATESLAK",43.1447
"IYQGEDLPHPK",41.8503
"VSIVTPEDILR",52.5078
"AYAQQLADWAR",47.4849
"FRPDMEEEEAK",41.5418
"NFAQLTVSGSR",44.4372
"NMVPQQALVIR",46.7634
"IQPDTIIQVWR",52.9397
"TDMLTAMAEQK",44.856
"LDPSIFESLQK",52.8941
"MDEVLYSIAEK",49.0484
"ESIVDVEGVVR",48.1603
"DFLTPPLLSVR",58.3111
"FGDPVVQSDMK",43.8899
"VMVTNVTSLLK",50.3974
"ALALTTDVTPR",63.7468
"SSSGLLEWESK",47.4044
"FVELPGAEMGK",47.268
"ISLQAIQQLVR",53.7385
"FDEISFVNFAR",55.0516
"FLQDYFDGNLK",51.9645
"LWGLTEMFPER",56.9777
"AYVPALQMAFK",51.7946
"VTELALTASDR",44.1847
"SLYYYIQQDTK",47.2772
"LQLETEIEALK",50.8255
"VFSWGFGGYGR",52.6799
"TNEAQAIETAR",41.5983
"VNPALAELNLR",48.4306
"FPDAGEDELLK",48.2425
"NFGIGQDIQPK",45.1567
"ADVEEESLALR",45.1575
"LDLLGNLPGSK",51.5361
"DAEDALHNLDR",43.7574
"VANVSLLALYK",51.2415
"AAYFGIYDTAK",47.8608
"VFDPVPVGVTK",47.4815
"YLMEEDEDAYK",44.607
"IDRPEAISEER",41.387
"AQLEPVASPAK",41.8903
"QEELQQLEQQR",43.0903
"QEQALLEEIER",48.2908
"QVQVALETAQR",42.7015
"IALGIPLPEIK",55.3419
"FYNQVSTPLLR",47.8295
"LPPNVVEESAR",42.679
"ALTLIAGSPLK",48.9546
"NPWGEVEWTGR",49.1346
"AVAQALEVIPR",47.4599
"IVLLDSSLEYK",50.7748
"LMSSGNEESLR",41.7642
"VVVEPPEGEEK",41.981
"NGVAPIIDVVR",52.1514
"YDLLCLEGLVR",57.3357
"NGGQILIADLR",51.5793
"FFGSLPDSWAR",52.6824
"LIIAGTSAYAR",44.6427
"LIDDMVAQAMK",50.1437
"VPLFSPNFSEK",49.4671
"QQLAPYSDDLR",44.2714
"FNQVLDQFGEK",47.0179
"TLAPTWEELSK",48.4576
"LAQMFSDMVLK",52.2996
"SPNELVDDLFK",54.373
"ELGENLDQILR",51.7556
"WYLENVYPELR",54.1267
"VLEVPPVVYSR",49.2184
"NPFLAAVTTNR",47.2705
"VFLGNVETFIK",53.2314
"ASYAEQLSMLK",47.4052
"QQNQELQEQLR",41.9885
"EAVGDLLDAFK",56.2751
"EPVQLETLSIR",48.7944
"IGPITPLEFYR",53.6964
"EVELNELEPEK",45.8728
"ADLEMQIENLK",49.4289
"LDTSQWPLLLK",56.3599
"IDIIANDQGNR",42.1065
"TPVLFDIYEIK",56.1057
"IPDQLVILDMK",53.8643
"IAGPGLGSGVR",42.3515
"EDGAISTIVLR",48.5779
"ETLYSVMPGLK",50.3127
"MTDVFEGSIIR",50.1895
"RMLSIITNPNR",65.6254
"SEVATLTAAGK",42.0998
"VAASVLNPYVK",45.4461
"GQTHTLEDFQR",41.7252
"FTDEEVDELYR",47.5289
"SLIINTFYSNK",49.7885
"TVLDQQQTPSR",41.4673
"FLSTEAISIMR",50.8637
"SLGLSDEEIVK",46.2096
"ALAAAGYDVEK",61.4031
"QMVIDVLHPGK",45.8694
"LSAAVTEAFVR",47.0529
"GNDVAFHFNPR",43.2957
"TPFGAYGGLLK",49.9296
"GLEVINDYHFR",46.4704
"LAETVFNFQEK",48.8395
"RGGRTMAITPR",61.1559
"EQVANSAFVER",42.5784
"VTDLLGGLFSK",55.8069
"ATNDEIFSILK",53.4409
"FVNWQVDGEYR",47.7847
"GVTFLFPIQAK",54.7931
"ELAMQTFGVLK",51.5858
"GLTPSQIGVILR",50.9052
"VVTDTDETELAR",42.4503
"QTLAAFVPLLLK",59.0764
"IVILPDYLEIAR",56.9128
"NDGVLLLQALTR",56.0201
"LAILGIHNEVSK",44.4797
"YFPTQALNFAFK",55.0989
"APASEEEFQFLR",49.7311
"YLAEFATGNDRK",42.3256
"DAGQISGLNVLR",49.7661
"QAASSLQQASLK",41.7218
"LQSLFDAPDFSK",52.4723
"ALEQANTELEVK",43.5517
"DGVWNLQNEVTK",49.7294
"IAAENELNQSYK",42.3248
"TIEDDLVSALVR",57.25
"EIDEVGDLLQLK",55.0533
"VSSDNVADLHEK",41.1653
"LLQAQGVEVPSK",43.5926
"NLGMTDAFELGK",50.6923
"QAGEIAGLNVLR",59.5834
"VFIGNLNTLVVK",52.4274
"QASVADYEETVK",42.8734
"TPAILYTYSGLR",49.9362
"EHALLAYTLGVK",46.7431
"AEGPDVAVDLPK",45.9549
"GEGPDVDVNLPK",45.2818
"GEGPEVDVTLPK",45.9574
"MFVGGLSWDTSK",51.921
"YLSTMNALDLLR",77.8187
"EVDDLEQWIAER",54.7193
"MWEVLESTTQTK",49.0568
"VTLTLPVLNAAR",52.9347
"ADLINNLGTIAK",49.2979
"ELISNSSDALDK",43.3356
"NPLPPSVGVVDK",44.478
"EYQDAFLFNELK",54.6305
"DVIELTDDSFDK",51.9686
"PEFLEDPSVLTK",50.6358
"SMGFIGHYLDQK",46.8116
"VVDALGNAIDGK",44.9832
"QSVQTGVLGALR",64.1735
"QQPDTELEIQQK",42.7098
"QELEAEYLAVFK",53.998
"YLAEVAAGDDKK",41.3695
"IIENELEGFGIR",51.5883
"DVEDFLSPLLGK",62.3042
"GVLMYGPPGTGK",45.3258
"DLEEDHACIPIK",44.0186
"EGIPALDNFLDK",55.4723
"EIYENMAPGENK",42.8759
"QLQDELEMLVER",55.7754
"LMVNPFAYEEYR",53.2389
"IMNTFSVVPSPK",47.9436
"NLSPGAVESDVR",43.0403
"VAMFLTDSNNIK",47.9504
"LEAATQQNQQLR",41.3033
"LEESAVTVMFDK",50.0192
"YHTINGHNAEVR",40.9225
"DPNNLLNDWSQK",51.2048
"LEGLTDEINFLR",76.3265
"SLDMDSIIAEVK",54.924
"ELVTQQLPHLLK",47.317
"IVLDNSVFSEHR",45.3995
"VVGAMQLYSVDR",47.1485
"LIQNLDANHDGR",41.474
"MTEIQTPENTPR",42.2821
"AIEMLGGELGSK",47.606
"GATQQILDEAER",43.9324
"ILIANTGMDTDK",44.7772
"INQMATAPDSQR",40.8814
"DLQANVEHLVQK",46.1771
"TEASLVWFTPPR",53.9515
"TMQGSEVVNVLK",45.7491
"ILQAVNFPFLVK",56.912
"ALLANALTSALR",52.1328
"DLQSNVEHLTEK",44.355
"VDLVDENFTELR",52.0531
"LLTFMGMAVENK",53.4442
"QSTDEEVTSLAK",42.622
"DAGTIAGLNIVR",51.7514
"QLQDIATLADQR",47.2755
"EALQLMATYLPK",53.9287
"LVYVCDPVLGDK",48.6676
"GGPSPGDVEAIK",42.5226
"LNLAQFLNEDLS",63.4073
"LDNLVAILDINR",57.2523
"FFDDPMLLELAK",58.5667
"VDQVIILYSGDK",49.2607
"IYDLNKPEAEPK",41.808
"ILQDGGLQVVEK",45.2851
"TDTLEDLFPTTK",53.406
"VPEILQLSDALR",54.6703
"TMGVMFTPLTVK",52.6841
"ALEQFATVVEAK",48.2858
"TIEYLQPNPASR",44.4007
"GELQNWPDLLPK",54.462
"LFPQETLFLEAK",54.0802
"HELQANCYEEVK",41.649
"AIDTTQLFSLPK",53.5749
"GYISPYFINTSK",49.0941
"TVIIEQSWGSPK",46.2154
"AVENSSTAIGIR",42.3971
"YLGPAVLMQAYR",52.3926
"GEFGGFGSVSGK",44.9815
"SLLVNPVLFPNR",54.1233
"NPDSQYGELIEK",44.4015
"GDINPNIPYPTR",45.5391
"FEWELPLDEAQR",55.5611
"ELTAPDENIPAK",43.0419
"YNILGTNTIMDK",49.1363
"NETDEDGWTTVR",43.9374
"QPALDVLYDVMK",56.4039
"DLGTESQIFISR",51.2062
"GIDPFSLDALSK",54.9638
"LSGTGSAGATIR",41.2925
"VFDYEGLGNLLK",55.8959
"SLDLDGIIAEVK",56.1472
"VVVVVPNEEDWK",48.6303
"GALPLDTVTFYK",52.3237
"VLEEANQAINPK",42.4013
"DILEDVVTSAIK",59.285
"GVGISVLEMSHR",45.4095
"LVVFPTDDISLK",53.488
"EEFTSGGPIGQK",43.2949
"FFNVLTTNTDGK",49.3469
"LFQVEYAIEAIK",54.8413
"GDNITLLQSVSN",53.4822
"LVVEDFSPLPSK",50.8272
"TWNDPSVQQDIK",43.8524
"EEGYDSVFSVVR",51.2938
"DEISVDSLDFNK",51.293
"QPVAGSEGAQYR",41.1259
"NDFTEEEEAQVR",43.0928
"AEHDQLLLNYAK",44.0607
"YLIPNATQPESK",44.2314
"DVLSVAFSSDNR",51.542
"HEWQVNGLDDIK",45.1217
"IIPTLEEYQHYK",44.916
"TFSYAGFEMQPK",48.8843
"STGEAFVQFASK",46.3202
"VPALLENQVEER",45.8413
"QAGLYSISLPNK",47.7383
"DFAYGETDPLIR",51.6288
"VINLNDNTFTEK",45.7533
"IIIPPFLAYGEK",57.124
"SLTEYLQNVEQK",48.4161
"SFENSLGINVPR",48.7124
"VFQNEVLGTLQR",48.0367
"DNLEFFLAGIGR",60.3063
"VSVADHSLHLSK",41.5135
"LALFNPDVCWDR",54.6761
"EYGEQIDPSTHR",41.3928
"GVVQELQQAISK",51.033
"VYVGNLGNNGNK",41.9827
"VDQEIINIMQDR",51.1243
"ITSGPFEPDLYK",48.2085
"NTLFNLSNFLDK",57.4265
"GVAINMVTEEDK",46.1111
"DQFTTTEVNMAR",45.165
"WLAPDGLIFPDR",56.7432
"MLQPSSSPLWGK",47.4874
"AADLNGDLTATR",42.9521
"MDDPTVNWSNER",45.1225
"GPFTDVVTTNLK",48.5813
"SICTTVLELLDK",57.9748
"NVLITDFFGSVR",57.3798
"APLDIPVPDPVK",51.2431
"EVDIGIPDATGR",47.6933
"WALSQSNPSALR",45.4993
"SSGTNFQGLPSK",42.5251
"QVATALQNLQTK",43.5036
"AVFDETYPDPVR",47.6119
"QIWQNLGLDDTK",50.36
"GDSLDSVEALIK",52.7662
"IAAAILNTPDLR",48.7513
"EAPVDVLTQIGR",51.9619
"DFNMPLTISSLK",56.1082
"ESVPEFPLSPPK",49.7261
"IIFVVGGPGSGK",47.8187
"LDIDPETITWQR",52.7306
"LDDLALLEDLEK",57.9323
"EEDEEPESPPEK",41.135
"LLPELLQPYTER",53.493
"VLETVGVFEVPK",51.244
"VDDLLESYMGIR",55.6421
"ILVVNAAYFVGK",52.5103
"LVAIVDVIDQNR",52.7243
"TVQDALESLVAR",53.6955
"AVLLAGPPGTGK",44.3018
"YLQTLTTIAAEK",46.8499
"FLADVSTVLTSK",49.1736
"MATNAAAQNAIK",40.9924
"DYLEHITSIGPR",47.1527
"QEVEEWVASGNK",43.9349
"AYVDDTPAEQMK",42.6614
"FVFSLVDAMNGK",55.8534
"ALTSEIALLQSR",50.1022
"NIEIDSPYEISR",47.9478
"GFPTIYFSPANK",51.3981
"LEAEGVPEVSEK",43.0844
"SPGADLLQVLTK",54.3308
"LQMEQQQQLQQR",41.0942
"MSTSPEAFLALR",51.9206
"QITQSALLAEAR",45.0676
"DIISDTSGDFRK",44.6485
"TLSSSAQEDIIR",43.3814
"AQIFANTVDNAR",43.7206
"QSVENDIHGLRK",41.1334
"VTDTDFDGVEVR",45.5873
"GLQQQNSDWYLK",46.0098
"GIHETTFNSIMK",43.2557
"IHQIEYAMEAVK",43.6224
"SLESLDTSLFAK",52.0054
"IMVANIEEVLQR",53.4905
"AAMEALVVEVTK",50.1887
"YLMEEDEDAYKK",42.2872
"MMLMSTATAFYR",51.8411
"VTAVIPCFPYAR",51.42
"SLVPAAELLESR",51.4998
"AFAMTNQILVEK",48.4136
"GQNQPVLNITNK",43.1301
"HTLSYVDVGTGK",42.2363
"ILFRPVASQLPR",45.1633
"HVDYVADQIVTK",42.791
"DMYSFLEDMGLK",62.9015
"MISAEAPVIFAK",50.1912
"LTLIDPETLLPR",58.0198
"LLKTCSIALVGK",48.461
"KGESQTDIEITR",41.4322
"HATAEEVEEEER",40.9242
"YISPDQLADLYK",81.9262
"FMDQHPEMDFSK",44.2772
"AQPSVSLGAAYR",43.5011
"NIEDVIAQGIGK",51.7539
"DGNGYISAAELR",46.6132
"VFLDFFTYAPPK",58.6124
"VSDATGQMNLTK",40.9965
"SYSSGGEDGYVR",41.5118
"VSILAAIDEASK",52.2988
"IRDEMVATEQER",41.3059
"VDVTEQPGLSGR",42.7023
"NSNPALNDNLEK",41.9393
"FLEEYLSSTPQR",49.1396
"IIDLEDDLMEQK",47.0629
"LTLHGLQQYYVK",45.4382
"ALADHSMAQTPR",40.8139
"LQHTLQQVLDQR",43.6042
"YSQVLANGLDNK",43.4187
"TVTAMDVVYALK",73.3278
"IHGTEEGQQILK",41.4305
"QVTQLAIDTEER",44.1004
"IFDSEEILAGYK",51.9669
"TSSVFEDPVISK",46.7194
"GPVGLEGLLTTK",51.3693
"ALEEANTELEVK",44.0582
"ITDSAGHILYSK",41.9685
"TFEMSDFIVDTR",54.7981
"LFVTNDAATILR",50.7773
"QDTVIDGSFIVR",51.3735
"FYTLIPHDFGMK",50.6172
"QQDVLGFLEANK",52.9389
"VMLDLLQIPYDK",57.5532
"SYQFWDTQPVPK",49.0775
"NLYSDDIPHALR",45.0297
"VLYPNDNFFEGK",49.8559
"EDLHDMLASLGK",52.3909
"GVLFASGQNLAR",45.9566
"SVLELIPELNEK",55.2191
"IAATGVVLDLDK",49.0849
"YDAFLASESLIK",52.6026
"VDIGDTIIYLVH",59.8399
"LLFPAVDDNLLK",56.1713
"ASGPPVSELITK",45.6632
"VESEQQYFEIEK",45.8795
"VPLEVQEADEAK",42.9579
"DFYVAFQDLPTR",56.0462
"TEYEEAQDAIVK",43.3406
"ILLTEPPMNPTK",46.9812
"AEEIIELKDKYK",56.0234
"ILQEDPTNTAAR",41.8528
"TIAMDGTEGLVR",46.0043
"NLLLSGAQLEASR",48.5
"DADVQNFVSFISK",57.255
"STPAITLESPDIK",46.9387
"LEEQLQDLDVALK",51.298
"GVQVETISPGDGR",42.9156
"LLDTIGISQPQWR",51.7598
"NGIHDLDNISFPK",46.8557
"ELPPDQAEYCIAR",45.0383
"DFLAGGIAAAISK",55.4724
"FELSCYSLAPQIK",51.9044
"EVTWEVLEGEVEK",53.155
"NVEGQDMLYQSLK",47.5339
"VAGMDVELTVEER",48.9225
"TAVVVGTITDDVR",46.5551
"DPLLFPSFIHSQK",52.3544
"VSASTVPTDGSSR",41.2147
"DVEGSTSPQIGDK",41.9402
"FNECGHVLYADIK",43.7256
"AIPMLVDVLQDTR",57.5922
"GAAGALMVYDITR",50.4455
"PGIVELPTLEELK",55.0566
"VLAMSGDPNYLHR",43.5367
"LIAEEGVDSLNVK",46.2603
"LAFYPNQDGDILR",51.1268
"ELAEDGYSGVEVR",44.6356
"GDVDVSVPEVEGK",45.1158
"VEGDMQVPDLDIK",49.8941
"MFVLDEADEMLSR",56.6444
"LTLDTIFVPNTGK",53.7807
"CLMEGAGDVAFVK",48.5008
"SNLNSLDEQEGVK",42.369
"EGLELPEDEEEKK",42.8293
"TLTIVDTGIGMTK",50.2787
"NDPQLSLISAMIK",55.9401
"ANLPQSFQVDTSK",44.9957
"IANLQTDLSDGLR",48.3281
"DYIAYAHSTIMPR",46.2246
"NTGIICTIGPASR",45.2868
"QFMAETQFTSGEK",44.9927
"DIELVMSQANVSR",50.3674
"IQIAPDSGGLPER",44.9923
"IISLDLPVAEVYK",55.4774
"NVIPALELVEPIK",56.0217
"NIFPSNLVSAAFR",55.6446
"DLYEDELVPLFEK",60.0824
"LQSIGTENTEENR",41.5635
"DLFEDELVPLFEK",63.8004
"EEASDYLELDTIK",50.9118
"TFFSFPAVVAPFK",59.3742
"LLVPAAEGEDSLK",46.4291
"LIGLAVDYFDGGK",55.0524
"SLVDLTAVDVPTR",52.0936
"LAPDYDALDVANK",47.0229
"LSDLLAPISEQIK",52.6899
"NAGNEQDLGIQYK",43.1351
"LAALPNVYEVISK",53.5782
"DLEEDHACIPIKK",42.0725
"ANENSNIQVLSER",43.2131
"AHLSENELEALEK",43.5567
"LDPGSEETQTLVR",43.9637
"IVDDWANDGWGLK",52.8177
"GGPNIITLADIVK",55.3894
"IVCTPGQGLGDLR",45.2032
"ASLEAAIADAEQR",47.8376
"IYANFFPYGDASK",51.7131
"DTLVADNLDQATR",46.4308
"EEPSNPFLAFVEK",57.2118
"SLLSELSDPVELR",55.9009
"LLDEEEATDNDLR",44.6145
"VDLGGFAGLFDLK",61.6683
"GEHPGLSIGDVAK",42.6208
"FSPLMTAAVLGTR",53.1084
"DTNGSQFFITTVK",51.17
"DELADEIANSSGK",45.838
"LAAALIGADGQIR",48.7513
"QYYEGSEIMVAGR",45.5051
"FLGDIEVWDQAEK",54.0412
"TVTAAGAENIQQK",41.3502
"SPAFVQLAPLSSK",50.0184
"DFAAEVVHPGDLK",46.5569
"VVSQYHELVVQAR",42.4553
"DYIMEPSIFNTLK",57.5573
"ISSLLEEQFQQGK",47.6152
"IAVEPVNPSELPK",46.7236
"LTFDTTFSPNTGK",48.211
"LHNQVNGTEWSWK",43.5609
"KPYPDDENLVEVK",42.9256
"LEEGPPVTTVLTR",47.4467
"QAGAEALSQAVAR",42.9139
"ASNTAEVFFDGVR",49.4721
"AIAYLFPSGLFEK",57.8498
"TFQGHTNEVNAIK",41.305
"VLGTAFDPFLGGK",54.5408
"MLLCEAVAAVMAK",56.7009
"VKPFMTGAAEQIK",42.625
"TLNDELEIIEGMK",55.4729
"NLYHSEAFSINFR",47.3802
"DEEVHAGLGELLR",48.2118
"GYAYTFITEDQAR",48.378
"IQQILTSTGFSDK",46.4316
"LGEYGFQNALIVR",51.8795
"ALTLGALTLPLAR",56.996
"QTLQSEQPLQVAR",43.2599
"IEQVDKEDEITEK",41.4405
"SVFALTNGIYPHK",47.3902
"AVEDIHGLFSLSK",49.0543
"LFPDTPLALDANK",51.9711
"DGIQLSEYLPEVK",55.6016
"QTEVLLQPNPSAR",44.102
"VQQVQPAMQAVIR",44.827
"MQGQEAVLAMSSR",44.6078
"LPDIFEAQIAGLR",56.4489
"DSDDVPMVLVGNK",50.9077
"SLETSLVPLSDPK",49.6429
"GDGPICLVLAPTR",51.8395
"NSLVSPKNDKSAR",52.8136
"VEAKPEVQSQPPR",40.9484
"LLEEEIQAPTSSK",44.6095
"QIGENLIVPGGVK",47.6959
"VMAAENIPENPLK",46.3019
"VLIIGGGDGGVLR",49.5061
"LLLEFTDTSYEEK",52.3088
"HVFGESDELIGQK",43.5801
"LPLTPVFEGLAFK",57.9756
"VTEDEEPPTEQDK",41.1807
"GPLPAAPPVAPER",44.7767
"MIIPSLEELDSLK",57.2558
"TDDIPVWDQEFLK",55.6041
"AQQEQELAADAFK",44.7643
"IESLSSQLSNLQK",46.7726
"HVISYSLSPFEQR",46.2254
"GTADVTHDLQEMK",43.1343
"DQTPDENDQVVVK",42.4096
"FNADEFEDMVAEK",51.9728
"VPDVLVADPPIAR",49.7286
"VIYAMAEDGLLFK",54.6745
"DIIDTPMDFATVR",56.4562
"DIVVQETMEDIDK",50.6652
"AAAVLPVLDLAQR",54.164
"ASPLVAIGQTLAR",51.2905
"VYENYPTYDLTER",46.624
"AAEDDEDDDVDTK",41.0081
"MVVPGLDGAQIPR",50.3152
"AGVNFSEFTGVWK",54.2926
"LEEMFPDEVDTPR",49.2674
"EAVVWEAASMSQK",47.1071
"HPDSSVNFAEFSK",43.8107
"SELGNQSPSTSSR",40.9617
"VNFPENGFLSPDK",50.0674
"DTEDVPMILVGNK",53.0237
"DEPTGEVLSLVGK",52.5586
"VVLLTGETSTDLK",46.8107
"SIQLDGLVWGASK",53.7427
"ETNISYSQEADDR",41.8147
"LGPLLLDPSLAVR",56.403
"EVQDLFEAQGNDR",46.9006
"GVAINMVTEEDKR",42.7106
"QYIGPPSAAAIFK",50.2362
"SNEDQSMGNWQIK",45.3721
"EVAFFNNFLTDAK",56.6644
"IIHEDGYSEEKCR",41.2699
"IITLAGPTNAIFK",52.3004
"RDLMACAQTGSGK",40.8172
"AVANYDSVEEGEK",41.9435
"SWHDVQVSSAYVK",43.3439
"YMTISDEWDIPEK",51.8121
"EHQISPGDFPSLR",45.2926
"TQVGLIQYANNPR",45.1241
"KYEMFAQTLQQSR",43.9007
"DFSPSGIFGAFQR",58.463
"APSVPAAEPEYPK",42.9971
"EFHLNESGDPSSK",41.8587
"AALEAAAAAAPER",42.3165
"HYLFYDGESVSGK",44.5737
"LEESYTLNSDLAR",45.8786
"LIQEQHPEEELIK",42.8318
"EYLPIGGLAEFCK",54.467
"REAPVDVLTQIGR",46.5982
"VNEIVETNRPDSK",41.179
"TQQYDDLIDEFMK",57.2168
"ASGQAFELILSPR",52.6043
"EEIQETQTPTHSR",40.868
"VALGETQLVQEVR",47.0254
"TDPTTLTDEEINR",44.4872
"VIDPATATSVDLR",46.5112
"SPPSAGYLVMVSR",48.2076
"MMTPEVLAEAYGK",50.8687
"IQELFHVEPGLQR",46.3551
"AGTQIENIDEDFR",46.8997
"QTFSPFGQIMEIR",55.4418
"LPSNLPQLQNLIK",53.4947
"TEEASSGFLPGDR",44.4838
"AVAGDASESALLK",43.5459
"LNQVIFPVSYNDK",50.0056
"WVAVVVPSGQEQR",46.9404
"NGQYAEASALYGR",43.4679
"MHNQIPQVTSDGK",41.3289
"LTTDPDLILEVLR",59.9732
"GDGPWYYYETIDK",51.8113
"NNAYLAQSPQLYK",44.7423
"IAGDYVSEEVWYR",50.1604
"VSQGQLVVMQPEK",44.1464
"AALLNQHYQVNFK",44.3227
"YSDMIVAAIQAEK",50.6602
"SDHPGISITDLSK",44.273
"SDYDMVDYLNELR",56.9203
"QDWVDGEPTEAEK",43.6407
"EQSEVGSMGALLF",62.2626
"EPQPEVAAAEEEK",41.9037
"LHKPPADSGVDLR",41.115
"TVQSLEIDLDSMR",51.8808
"ALAEYVVQQEGAK",44.2739
"MINLSVPDTIDER",50.6833
"EQLWLANEGLITR",53.1159
"LGLAPQIQDLYGK",51.4598
"AGVNTVTTLVENK",44.9915
"MMNGGHYTYSENR",41.0765
"EEAQALEDLTGFK",51.6708
"AQPAQPADEPAEK",40.9192
"SEAVVEYVFSGSR",50.1122
"VMQVLNADAIVVK",49.8551
"SDLAVPSELALLK",54.0768
"DAQPSFSAEDIAK",46.0546
"SLAPSIHGHDYVK",41.4757
"CSVTLLNETESLK",47.5322
"GAVGALLVYDIAK",53.3177
"NLGIPLGQDAEEK",47.0204
"QSNASSDVEVEEK",41.1367
"LAQGHTTVDELAR",41.585
"AQTAHIVLEDGTK",41.77
"GMAAAGNYAWVNR",45.3655
"SPVESTTEPPAVR",41.9418
"EQVLEPMLNGTEK",46.5991
"DDLLLTDFEGALK",60.3493
"NILLTNEQLESAR",46.7751
"FMATNDLMTELQK",51.3411
"KIGEEEIQKPEEK",40.9692
"VQAQVIQETIVPK",45.9649
"AQQEFATGVMSNK",42.9988
"EVYQPGSVLDFPR",51.5478
"SIIGVIPYFPYSK",56.9162
"SLGEIPIVESEIK",51.67
"VYSYYNLDETCIR",48.1753
"DFFQSYGNVVELR",55.8203
"LMELHGEGSSSGK",40.8155
"ALGTEVIQLFPEK",54.081
"VDKSAVGFEYQGK",44.233
"QAALQVAEGFISR",50.955
"VEITYTPSDGTQK",42.9596
"DYVAQFEASALGK",53.3216
"IGIFGQDEDVTSK",48.4618
"AVQGFFTSNNATR",44.7822
"NLINQMLTINPAK",53.746
"DTLQSELVGQLYK",54.0835
"FHQLDIDDLQSIR",48.768
"VEYHFLSPYVSPK",46.8686
"TNVNVFSELSAPR",50.1326
"SDTSGDYEITLLK",50.113
"NAINTEMYHEIMR",45.2976
"LPNLTHLNLSGNK",45.2187
"VESVEPSENEASK",41.1342
"MLVLDEADEMLNK",54.086
"SGPFAPVLSATSR",47.8642
"ASLEGNLAETENR",42.9199
"EEFPNENQVVFAR",47.7483
"DAAIYLVTSLASK",56.1506
"LLVTDMSDAEQYR",47.9985
"AWGPGLHGGIVGR",43.6257
"VALSPAGVQNLVK",47.9868
"LGFATSSDVIEMK",49.6056
"MAIMVQSPMFDGK",51.337
"SPLLPAVLEGLAK",56.7415
"ETIDAVPNAIPGR",46.0048
"AQNIMESFENPFR",54.2537
"ESMATGSIPITVR",46.8099
"LDPETLESLGLIK",56.4937
"MVFINNIALAQIK",54.417
"YPASTVQILGAEK",46.0056
"FSFSPEPTLEDIR",52.6501
"SLPFSENVSAVQK",46.2171
"SAYEFSETESMLK",47.9977
"LSQELEYLTEDVK",50.4937
"EDPTVSALLTSEK",49.1761
"CPASTVQILGAEK",46.0056
"EFINLQSALESER",52.4781
"GPPPPPTASEPTR",41.3493
"VSGVDGYETEGIR",43.4246
"QDLADVVQVCEGK",47.2374
"WAIAQLNYADMLK",56.1979
"TLTLVDTGIGMTK",50.2787
"VEQATKPSFESGR",41.0733
"QDAQSLHGDIPQK",41.3042
"STNPGISIGDVAK",44.6958
"VALTGLTVAEYFR",55.3953
"VVTATLWGEDADK",47.7213
"IEDANLIPPVPDK",48.6311
"IEEVDKEDEITEK",41.4405
"NLGLEELGIELDPR",57.0477
"IQDLPPVDLSLVNK",53.1167
"ASAAFSSVGSVITK",46.0513
"SWTAADTAAQITQR",45.7558
"GWEEGVAQMSVGQR",47.4144
"VLTMSGWNPPPGNR",47.2432
"HEAFESDLAAHQDR",41.4815
"VLEQLTGQTPVFSK",48.7655
"TAMNVNDLFLAIAK",58.1419
"QAGEVTFADAHRPK",41.1815
"LYSPSQIGAFVLMK",55.8194
"TTPSVVAFTADGER",46.3454
"SLGPPGPPFNITPR",50.3609
"VEPSDNGPLFTELK",49.7811
"DQFGFINYEVGDSK",54.1931
"DMAQLPETEIAPAK",47.996
"LIVDHNIADYMTAK",47.9993
"LSSSSATLLNSPDR",43.6026
"QVVEEPSPQLPADK",43.5111
"TLQEVTQLSQEAQR",45.3383
"LLVPTQYVGAIIGK",55.6859
"AMDLAQAGSTVESK",43.4688
"FLITHNPTNATLNK",42.7511
"QAVSMFLGAVEEAK",52.1419
"ALDIAENEMPGLMR",51.8088
"VDEAVAVLQAHQAK",42.828
"DVIGFNMAGLDYLK",59.6334
"APNISMPDVDLNLK",52.1843
"ISAPNVDFNLEGPK",49.7327
"TEAVASSLYDILAR",55.5223
"GYDVIAQAQSGTGK",43.3406
"FAMVAPDVQIEDGK",49.8584
"EDIYAVEIVGGATR",50.9608
"NFTTEQVTAMLLSK",54.6778
"TAGWNIPMGLLYSK",56.7915
"FLGDEQDQITFVTR",51.9306
"GVVDSEDLPLNISR",50.5352
"ILSVQGTEPLVLFK",55.1396
"RDIQENDEEAVQVK",41.4439
"VWYVSNIDGTHIAK",45.8661
"ALDQASEEIWNDFR",54.704
"HIGLVYSGMGPDYR",45.252
"AEAGVPAEFSIWTR",53.6187
"YNEQHVPGSPFTAR",42.4403
"VFTSWTGGGAAASR",44.911
"DPVQEAWAEDVDLR",53.6717
"AFDSGIIPMEFVNK",55.5239
"SPASDTYIVFGEAK",48.5738
"GIRPAINVGLSVSR",44.6527
"VDLTPYPTISSINK",49.8974
"GILAADESTGSIAK",44.3534
"LPGELEPVQATQNK",44.2355
"ESESAPGDFSLSVK",46.8132
"SVTEQGAELSNEER",41.7558
"VLLESEQFLTELTR",57.0213
"IQLLDLPGIIEGAK",59.0339
"FDLNSPWEAFPVYR",59.2592
"SQIHDIVLVGGSTR",43.884
"QAMTSIWNALVTDK",55.5628
"ARPFPDGLAEDIDK",45.9371
"VLYAYGYYTGEPSK",47.0695
"LTQEQVSDSQVLIR",45.2107
"NSSYFVEWIPNNVK",53.5394
"LPETNLFETEETRK",44.7457
"EYFSWEGAFQHVGK",50.4099
"MTDQEAIQDLWQWR",57.7161
"ESEPQAAAEPAEAK",41.2632
"NGSEADIDEGLYSR",44.36
"FAQPGSFEYEYAMR",47.9429
"NYAAALETFTEGQK",49.5649
"GQFSTDELVAEVEK",50.5759
"AAAEVNQDYGLDPK",43.2816
"CEAEVPDVSFLLLR",58.7077
"FEAGQFEPSETTAK",43.9407
"NPELQNLLLDDFFK",61.5528
"VNFDDYTVNLGGLK",53.0702
"LPSQYNFAMNVLGR",53.5857
"VGSGDTNNFPYLEK",46.8574
"ELEDATETADAMNR",43.3447
"VISGVLQLGNIVFK",57.593
"QQWQQLYDTLNAWK",56.6802
"NLDIERPTYTNLNR",43.8495
"LISWYDNEFGYSNR",52.9622
"VPTANVSVVDLTCR",48.128
"DLALVNDQLLGFVR",60.563
"NYQQNYQNSESGEK",40.9534
"EWYPSLATMQESLR",54.6845
"VLSLDDYFITEVEK",57.299
"LSRANGWGVMVSHR",51.9736
"TDVHEIVLVGGSTR",43.7056
"IEDGNDFGVAVQEK",44.3219
"LTVEDPVTVEYITR",51.0887
"GTDVNVFNTILTTR",54.6952
"ELPEQLQEHAIEDK",43.4762
"YQQAGLPLIVLAGK",54.3367
"DISTTLNADEAVAR",47.1087
"YAEIVHLTLPDGTK",47.7914
"ELEDLLSPLEELVK",64.4771
"TGQAPGYSYTAANK",41.561
"APGAEEYAQQDVLK",43.8557
"VPVADVSVVDLTCR",48.0028
"VVHSYEELEENYTR",43.3939
"QASPNIVIALSGNK",48.2925
"GNGTSMISLIIPPK",53.5285
"ETSGLMLDVGPYMK",53.0694
"YDYVFPENGLVAYK",52.9522
"DDGLFSGDPNWFPK",59.6781
"QMEQISQFLQAAER",53.7649
"NPPGFAFVEFEDPR",54.765
"MLPVDEFLPVMFDK",62.738
"TVPEELVKPEELSK",44.2805
"IADQFLGAMYTLPR",55.3096
"ELLQSFDSALQSVK",54.3408
"LLVVDPETDEQLQK",47.8354
"LNLEHIATSSAVSK",43.3431
"EPELLEPIPYEFMA",66.5288
"FTVLFPSGTPLPAR",54.0005
"EAGLAPVPMIIFAK",57.7603
"GLLEESSFATLFPK",57.5548
"GDATVSYEDPPTAK",42.1972
"YNVLGAETVLNQMR",52.3586
"SHPLDPIDTVDFER",47.7515
"VHVTQEDFEMAVAK",44.4049
"AHPEPGTWDSFLEK",47.0704
"ASLYNAVTIEDVQK",47.8742
"ITLECLPQNVGFYK",52.1053
"VGGVQSLGGTGALR",43.6324
"GAVYSFDPVGSYQR",48.3788
"SDVASLSQISENEK",44.1489
"TFAPEEISAMVLTK",54.8005
"LQGLPIVAGTMDIR",53.9125
"NINDAWVCTNDMFR",53.0379
"IIPGFMCQGGDFTR",50.9018
"VGQEIEVRPGIVSK",42.7117
"SGSMDPSGAHPSVR",40.8164
"RTDDIPVWDQEFLK",51.2157
"ISELGAGNGGVVTK",42.4828
"LESEEEGVPSTAIR",43.2139
"DQIAQLEASLAAAK",54.2021
"VVDLLAQDADIVCR",51.9744
"IGIIDGEYVVNPTR",50.4514
"GVGQADWTPDLGLR",51.5081
"GPDALTLLEYTETR",55.6496
"LPIGDVATQYFADR",52.7559
"DGMDNQGGYGSVGR",42.3665
"LESEGSPETLTNLR",44.9533
"QSLGHPPPEPGPDR",41.2038
"SDSFENPVLQQHFR",45.5865
"GFGFVTFENIDDAK",55.0555
"TQMLDQEELLASTR",48.637
"SSFYVNGLTLGGQK",49.9161
"NVTELNEPLSNEER",43.8574
"IFVGGLNPEATEEK",47.0171
"DYGVYLEDSGHTLR",46.1406
"LHVTALDYLAPYAK",50.7048
"ISLPLPNFSSLNLR",58.4893
"KHPDSSVNFAEFSK",42.2888
"VGVDPLIIPTDYWK",57.6405
"YTLAGSEVSALLGR",49.7761
"LLTLFNPDLANNYK",54.6346
"ANINVENAFFTLAR",55.6702
"DFTVSAMHGDMDQK",44.2797
"QPPIQSTAGAVPVR",42.9223
"TALINSTGEEVAMR",45.0358
"QQSEEDLLLQDFSR",53.2897
"GALVVVNDLGGDFK",51.8013
"VEQVLSLEPQHELK",44.5595
"TFFPEEVSSMVLTK",49.1033
"IEDGNNFGVAVQEK",44.3219
"AMDSDWFAENYMGR",53.789
"AGEVINQPMMMAAR",46.6347
"VDQLTAQLADLAAR",53.0677
"LAPALATGNTVVMK",45.7524
"LVTMQIWDTAGQER",51.2102
"KAEEIANEMIEAAK",44.3227
"HQAFEAELSANQSR",42.0317
"LAALADQWQFLVQK",55.9934
"LPRPPPPEMPESLK",43.9829
"NISSNEALSLEEIR",48.0823
"THLPGFVEQAEALK",46.5452
"TPLLDEEEEENPDK",44.3642
"NLTQYSWLLDGFPR",59.0414
"ELSDPAGAIIYTSR",48.9671
"GDVTITNDGATILK",46.3493
"QLEAIDQLHLEYAK",48.001
"MTLVEEGFNPAVIK",51.7615
"TTLLEGFAGVEEAR",52.3519
"SPDEVTLTSIVPTR",50.5774
"DELNADHPFIYIIR",52.8244
"MAPALSGANLTSPR",44.7813
"INDFVLSPGPQPYK",48.9908
"GSTMEEELENITTK",49.6896
"LDSSPSVSSTLAAK",43.0869
"GAVYSFDPVGSYER",48.3788
"AQIHDLVLVGGSTR",44.4855
"DDILNGSHPVSFDK",45.2503
"TLAESALQLLYTAK",57.2567
"FPVAPLIPYPLITK",59.2509
"DQVDIAVQELLQLK",62.2334
"VACITEQVLTLVNK",54.042
"NIIHGSDSVESAEK",41.2507
"GEDLTEEEDGGIIR",45.627
"ILELSGSSSEDSEK",43.4279
"MDPMNIWDDIITNR",62.1434
"SLGPPQGEEDSVPR",42.7486
"GVDEVTIVNILTNR",57.2575
"QFVTPADVVSGNPK",46.5594
"YTLNVLEDLGDGQK",53.6435
"FDVPGDENAEMDAR",45.8803
"AGVNTVTTLVENKK",42.7495
"SPQTPELVEALAFR",54.34
"VYEIQDIYENSWTK",52.5311
"AENLQLLTENELHR",45.9699
"GPCIIYNEDNGIIK",47.455
"VLNSYWVGEDSTYK",48.0877
"GEMMDLQHGSLFLR",49.8209
"QGQGQLVTCSGAFK",43.0469
"QYATLDVYNPFETR",54.2578
"ESADPLGAWLQDAR",55.6867
"EAVAPVQEESDLEK",43.2173
"FEIPYFTTSGIQVR",56.7507
"ADGIVPETWIDGPK",52.3079
"TEVSNNHVLIYLDK",45.038
"EGPAVVGQFIQDVK",51.7123
"NALQQENHIIDGVK",42.8301
"IQALQQQADEAEDR",42.3093
"DYGVLLEGSGLALR",56.6222
"VVIGMDVAASEFFR",57.025
"FGYVDFESAEDLEK",52.9054
"TDFFIGGEEGMAEK",49.9446
"CIYNLLQSSSPAVK",49.2683
"NYAGVFTDAGLTLK",52.0093
"GNLGAGNGNLQGPR",41.6415
"LPSSPVYEDAASFK",46.987
"DNTTLLTQVQTTMR",51.3022
"WSPIASTLPELVQR",54.7235
"FMQDASDVMQLLLK",60.6973
"LLDNWDTLASTLSK",56.5352
"DAHNALLDIQSSGR",44.8295
"VDYSGGFEPFSVLR",56.1589
"DLETLPFGIALPIR",63.7995
"LAVDEEENADNNTK",41.5448
"SSGLPNIPVQTISR",48.329
"GFCFITYTDEEPVK",51.9786
"GEVLGDVLQLETLK",55.6471
"QFCSTQAALQAMER",46.6879
"HTLADNFNPVSEER",44.2814
"GQSEDPGSLLSLFR",57.7407
"GARLSVAVLQEDFR",72.1835
"LPTFGAPEQLVDLK",54.0208
"GASSPLITVFTDDK",52.6916
"FIPHENGVHTIDVK",41.9468
"HVGNQQYNVTYVVK",42.334
"YAPTEVGLHEMHIK",42.8818
"LVPGGGATEIELAK",45.5881
"IVIPNEESVVIYYK",51.8146
"GFCYVEFDEVDSLK",53.7721
"GFDVFNALDLMENK",61.2519
"VCNFLASQVPFPSR",51.9301
"NAEAVLQSPGLSGK",44.0979
"FPSLLTHNENMVAK",45.2098
"STGNFLTLTQAIDK",52.0986
"VLVEATYNPNMPFK",49.4389
"VAVNDAHLLQYNHR",42.1905
"LQEVEVPEDFGPVR",49.8201
"ALFPGDSEIDQLFR",58.6595
"IQGLTVEQAEAVVR",48.3323
"IEDVGSDEEDDSGK",41.3962
"EIDDSVLGQTGPYR",47.361
"EPVICTPVSSGFEK",46.9022
"AHGGYSVFAGVGER",43.2114
"LDAEPRPPPTQEAA",42.3298
"DHASIQMNVAEVDK",43.3898
"ADLNQGIGEPQSPSR",42.5393
"TEGLSVLSQAMAVIK",57.0892
"VAPVPLYNSFHDVYK",48.0035
"VLVEPDAGAGVAVMK",47.1925
"NPVTIFSLATNEMWR",59.4487
"ELLFLSNANPSLLER",56.2901
"GENLVSMTVEGPPPK",46.7091
"QSEDLGSQFTEIFIK",56.6269
"SIPAYLAETLYYAMK",60.8251
"TDDIDEIVLVGGSTR",46.5187
"LLGQFTLIGIPPAPR",57.2965
"FSTVAGESGSADTVR",42.1988
"AEEYEFLTPVEEAPK",51.0505
"MGPLGLDHMASSIER",47.2655
"NLTNPNTVIILIGNK",52.8609
"SESELIDELSEDFDR",57.304
"QEIFQEQLAAVPEFR",53.881
"DLSHIGDAVVISCAK",47.4534
"IAELLSPGSVDPLTR",52.5644
"IPSIVSSPLNSPLDR",51.3437
"LQAEAPHIVVGTPGR",43.2624
"LESEHPDQAQAILSR",42.5426
"IVAPISDSPKPPPQR",42.1015
"HLEINPDHSIIETLR",45.8052
"NPDDITNEEYGEFYK",48.2592
"VFEGNRPTNSIVFTK",43.3923
"LAAVDATVNQVLASR",50.747
"SPFSVAVSPSLDLSK",52.1436
"VNQPASFAVSLNGAK",46.1796
"FDEILEASDGIMVAR",53.8744
"TEQEEDEELLTESSK",44.2414
"EAYPEEAYIADLDAK",50.9667
"IEDLSQQAQLAAAEK",45.086
"AFLDALQNQAEASSK",49.5211
"IQQLTALGAAQATAK",44.8652
"TRPVVAAGAVGLAQR",42.408
"MQEHSDQVPVGNIPR",42.2913
"TETVEEPMEEEEAAK",42.1644
"DLLVGPGVELLLTPR",62.3109
"DSSGQHVDVSPTSQR",41.0579
"FAGQMGIQLFETSAK",53.0329
"EDVLTLLLPVMGDSK",64.145
"FGQGGAGPVGGQGPR",41.6828
"AVLVDLEPGTMDSVR",51.229
"VLSAPPHFHFGQTNR",42.7536
"KIPNPDFFEDLEPFR",55.1338
"GFGFVTFDDHDPVDK",50.2437
"LAGTQPLEVLEAVQR",53.2007
"SNMDNMFESYINNLR",57.1872
"DISEASVFDAYVLPK",58.024
"RPISADSAIMNPASK",41.8832
"VGGHAAEYGAEALER",41.9935
"SDGALLLGASSLSGR",49.9387
"DASLMVTNDGATILK",51.2065
"GPAPQDQAGPGGAPR",41.085
"IKGEHPGLSIGDVAK",41.9053
"TSQTVATFLDELAQK",56.2884
"EDQSILCTGESGAGK",43.2632
"NTDQASMPDNTAAQK",40.8017
"EVESMGAHLNAYSTR",42.4578
"LIMAMQTLIPIDEAK",56.7524
"AVFVDLEPTVIDEIR",57.0552
"GALQNIIPASTGAAK",46.7709
"FMADIDLDPGCTLNK",52.1901
"ALFEEVPELLTEAEK",57.9856
"NEGNIFPNPEATFVK",51.1327
"ISVATGALEAAQGSK",44.5687
"VEQLGAEGNVEESQK",41.8205
"ASEVMGPVEAAPEYR",45.081
"NEGSESAPEGQAQQR",40.8439
"NETPNNGSYAIPGLR",53.536
"LASGVEGSDIPDDGK",42.6266
"EFAGEDTSDLFLEER",52.6118
"VVYENAYGQFIGPHR",45.3416
"EEDLVVWVDPLDGTK",58.8326
"DVYIVQDLMETDLYK",60.5338
"TVESEAASYLDQISR",52.5686
"NYTDEAIETDDLTIK",48.6208
"VPSENVLGEVGSGFK",49.4356
"EEPEPLSPELEYIPR",52.6601
"VEDVSAVEIVGGATR",47.7025
"AVVQVFEGTSGIDAK",47.5728
"ELIQTSALNFLTPLR",58.7934
"NPTIVNFPITNVDLR",54.7251
"LYGPSSVSFADDFVR",53.157
"HPYFYAPELLYYANK",52.0218
"NAAHALPTTLGALER",44.6585
"TSGTEPADFALPSSR",46.1804
"NFILDQTNVSAAAQR",47.9651
"LTSLVPFVDAFQLER",60.7818
"ELVGPPLAETVFTPK",54.2952
"QKPSNTEDFIEDIVK",49.1058
"LDLDLTADSQPPVFK",53.8359
"DLVQLPVVTSSTIVR",55.5256
"VLGVPIIVQASQAEK",51.4656
"VYNVTQHAVGIVVNK",43.5161
"THYSNIEANESEEVR",41.4447
"AGPESDAQYQFTGIK",45.6759
"IPVENILGEVGDGFK",55.9901
"AVDNQVYVATASPAR",43.0944
"GLEVTAYSPLGSSDR",48.5938
"DGDFENPVPYTGAVK",48.5963
"ELAQQVQQVADDYGK",47.543
"SQNVMAAASIANIVK",50.2037
"AVFVDLEPTVIDEVR",55.9959
"DLANIAEVEVSIPAK",54.3813
"ILEPGLNILIPVLDR",61.8504
"KSDIDEIVLVGGSTR",46.5187
"TKPYIQVDIGGGQTK",43.1758
"VTPNEGLTVSFPFGK",53.3624
"IEAINQAIANEYEVR",48.5125
"IEDLSQEAQLAAAEK",44.8345
"ENDAHLVEVNLNNIK",46.3103
"ENGPVVETVQVPLSK",47.4542
"LLIHQSLAGGIIGVK",47.4127
"DPAEGDGAQPEETPR",41.397
"YRVPDVLVADPPIAR",48.6386
"DVWGIEGPIDAAFTR",59.9757
"QMFGNADMNTFPTFK",53.1217
"DTSFEQHVLWHTGGK",44.1112
"VVVQVLAEEPEAVLK",51.9765
"DYLHLPPEIVPATLR",54.4712
"ETNLDSLPLVDTHSK",46.5229
"AASGFNAMEDAQTLR",46.0959
"ADFVLAANSYDLAIK",53.9175
"LQMEAPHIIVGTPGR",45.9691
"VEDLTFTSPFCLQVK",56.1672
"MQQQLDEYQELLDIK",54.1183
"DAVITVPVFFNQAER",57.859
"SPAGLQVLNDYLADK",53.9582
"IDNDGDGFVTTEELK",47.2474
"SLADELALVDVLEDK",61.8898
"IFQNLDGALDEVVLK",56.1639
"TPALVFEYINNTDFK",56.2419
"ELQELVQYPVEHPDK",45.8073
"VLQLTSWDEDAWASK",53.876
"ASEWVQQVSGLMDGK",53.0346
"AATLSTLAGQPLLER",50.0267
"DHINLPGFSGQNPLR",49.0643
"TCGFDFTGAVEDISK",53.498
"ALTSQLTDEELAQGR",45.5475
"AISSYFVSTMSSSIK",51.6321
"GDILVVATGQPEMVK",49.3991
"VSNIFDDPLNAFGGQ",63.292
"ICDQWDALGSLTHSR",48.9149
"SAQGSSSPVPSMVQK",42.4528
"NHDHQEIAVPVANLK",42.6723
"EEIALTSGEWEVLAR",54.6396
"VDNSSLTGESEPQTR",41.7352
"IPAASAAAMNLASAR",45.8753
"SSFADISNLLQIEPR",58.6199
"ALTVPELTQQVFDAK",54.5525
"STLQTMESDIYTEVR",51.4748
"LLPQGLAVYASPENK",49.5219
"NQVALNPQNTVFDAK",46.585
"GYGYGQGAGTLSTDK",42.3706
"ALTVPELTQQMFDAR",55.6116
"LEQGQAIDDLMPAQK",47.6194
"ATSFLLALEPELEAR",58.1268
"ESCLEAYTGIVQGLK",52.9049
"AQEPESGLSEETQVK",42.1588
"MEVQEQEEDISSLIR",51.3503
"SDPGLLTNTMDVFVK",55.9451
"VLPSFWIPSLTPEAK",58.9777
"LVPTGLDFGQEGFTR",52.6551
"DLGVFIPAPMAQGMR",58.0644
"NVQAEEMVEFSSGLK",50.0114
"LELFLPEEYPMAAPK",56.5902
"ELSLAGNELGDEGAR",46.6854
"SNQQLENDLNLMDIK",52.0193
"GLMPGLTFSNELISR",55.7829
"LMDPPSNEAVLLSIR",52.9041
"NQYDNDVTVWSPQGR",47.0958
"MEPAASSQAAVEELR",44.3617
"VQSDGQIVLVDDWIK",55.2698
"ETDDTLVLSFVGQTR",55.8643
"QDLPNAMNAAEITDK",43.7716
"GHVEPGEDDLETALR",44.0666
"FSNQETSVEIGESVR",44.283
"DPYTGQSVSLFQALK",55.4003
"LLDPEDVDVPQPDEK",48.4228
"VLALPEPSPAAPTLR",49.7336
"AFAISGPFNVQFLVK",58.6608
"IEFEGQPVDFVDPNK",52.3146
"VLGTSVESIMATEDR",49.4779
"TIPSWATLSASQLAR",52.4366
"TLHSDDEGTVLDDSR",41.907
"GFQQISFVNSIATSK",51.1775
"TVAGQDAVIVLLGTR",54.5043
"AMGPLVLTEVLFNEK",60.9937
"SVILEAFSSPSEEVK",50.7512
"DTSATTALELVAGER",53.2822
"VWSEVNQAVLDYENR",50.757
"VDELSLYSVPEGQSK",48.6378
"LITQTFSHHNQLAQK",41.4707
"QYYTLLNQAPDMLHR",49.3163
"NRPTSISWDGLDSGK",44.4057
"QMTDVLLTPATDALK",52.8194
"VSALDLAVLDQVEAR",55.9026
"GLPTGDSPLGPMTHR",44.2372
"LAFLNVQAAEEALPR",55.0658
"DIVPGDIVEIAVGDK",58.6997
"SYPGSQLDILIDQGK",52.4823
"GHAVNLLDVPVPVAR",48.9274
"LIPTLVSIMQAPADK",56.0724
"QALQESLVQILQPQR",54.5118
"SLPVPQLVPETEDEK",50.5419
"SSDTNIFDSNVPSNK",45.0818
"VESLESLYFTPIPAR",55.2706
"EGIDPTPYYWYTDQR",52.9132
"KLDYGQHVVAGTPGR",41.4422
"HQLTEVGLLDNPELR",47.5795
"NPQAEEMVEFSSGLK",49.9902
"EEPVTADVINPMALR",52.4839
"ENDPSSVLLFLVGSK",61.6723
"ALTLPGSSENEYIMK",48.9721
"ANDTTFGLAAGVFTR",53.4029
"DGENYVVLLDSTLPR",58.6199
"DLDIIDNYDYSHTVK",49.5277
"AIADTGANVVVTGGK",43.3389
"IAPPEAPVTGYMFGK",50.8728
"VVSEDFLQDVSASTK",50.4539
"FNAHGDANTIVCNSK",41.4823
"IVPEGEWGQFMDALR",57.6455
"AGDMENAENILTVMR",52.9697
"LLGASELPIVTPALR",55.1015
"QTGEGVGPQEYTLLK",46.8166
"TTGFGMIYDSLDYAK",54.9984
"KDQSILCTGESGAGK",43.2632
"ITPAHDQNDYEVGQR",41.2967
"FMQDPMEVFVDDETK",56.4114
"FVIGGPQGDAGLTGR",47.062
"ATSIDPNTYITWIDK",55.1056
"ILDDDTIITTLENLK",60.9591
"SPQELLCGASLISDR",51.3055
"HSQFIGYPITLYLEK",52.6134
"SMLEVNYPMENGIVR",51.3843
"NEEPSEEEIDAPKPK",41.5277
"VALVYGQMNEPPGAR",46.1389
"DPAEALQLPMDYVQR",55.4849
"INEAIVAVQAIIADPK",56.5004
"QLQQAQAAGAEQEVEK",41.6987
"IINEPTAAALSFGLDK",50.877
"ESSETPDQFMTADETR",45.5965
"GLVYETSVLDPDEGIR",51.5578
"ETADTDTADQVMASFK",49.9927
"QFGAQANVIGPWIQTK",52.2714
"EQGYDVIAYLANIGQK",58.5326
"HGGTIPIVPTAEFQDR",46.5254
"VINEPTAAALAYGLDK",50.3294
"EFDPTITDASLSLPSR",52.7821
"VGEVTYVELLMDAEGK",58.1941
"IQEGVFDINNEANGIK",48.7705
"DGVLVDEFGLPQIPAS",66.6993
"SALASVIMGLSPILGK",60.9541
"TSEVPYAGINIGPVHK",45.8836
"ELNMIIMLPDETTDLR",58.8384
"SYELPDGQVITIGNER",51.8718
"APDVDVNIAGPDAALK",48.2177
"GPQITGPSLEGDLGLK",50.4074
"MDVNVGDIDIEGPEGK",51.2132
"VDIDVPDVNLEAPEGK",51.7665
"VDVDVPDVNIEGPDAK",49.6106
"VDVEVPDVSLEGPEGK",50.7082
"DDPSAMDFVTSAANLR",56.1647
"FDQLFDDESDPFEVLK",59.667
"VMIPVPAGVEDGQTVR",49.3096
"TQGFLALFSGDTGEIK",57.3865
"DAGEGGLSLAIEGPSK",50.2585
"EAGAGGLAIAVEGPSK",46.2399
"VTYTPMAPGSYLISIK",53.7114
"SELVANNVTLPAGEQR",45.4026
"LASALAPSIYEHEDIK",45.1716
"LNFSHGTHEYHAETIK",41.2615
"LLQVVEEPQALAAFLR",59.2609
"DLVSSLTSGLLTIGDR",65.4865
"ASTPDWVSEGPQPGLR",47.283
"VYEEVLSVTPNDGFAK",49.9041
"NDGAAILAAVSSIAQK",55.6867
"EEEAIQLDGLNASQIR",49.7411
"EFTMAEIEHFVDPSEK",55.3861
"LFIGGLSFETTDESLR",56.9875
"DLEAEHVEVEDTTLNR",44.7482
"ASTNAMLISAGLPPLK",52.5661
"STAGDTHLGGEDFDNR",41.8628
"LAGPQLVQMFIGDGAK",57.8973
"IVYGHLDDPASQEIER",43.9291
"LFVGNLPADITEDEFK",55.6976
"GITGVDLFGTTDAVVK",53.8718
"KYEQGFITDPVVLSPK",47.7906
"APVPTGEVYFADSFDR",52.1039
"LFIGGLSFETTEESLR",56.4829
"LFVGNLPPDITEEEMR",53.2816
"LEAELGNMQGLVEDFK",55.8017
"DPELWGSVLLESNPYR",59.8557
"LNPADAPNPVVFVATK",51.2327
"FRQDLMNIAGTTLSSK",47.8404
"FGPYYTEPVIAGLDPK",53.6245
"LFVGGLDWSTTQETLR",55.3188
"ANLQIDQINTDLNLER",51.5198
"LQQELDDLLVDLDHQR",54.383
"IHFPLATYAPVISAEK",50.7314
"IATGHGQQGVTQVVLK",42.0333
"AFIPAIDSFGFETDLR",59.4701
"MFIGGLSWQTSPDSLR",55.1081
"AAYLQETGKPLDETLK",43.9465
"SEDFGVNEDLADSDAR",46.8612
"ALYDFEPENEGELGFK",53.4162
"YNFPNPNPFVEDDMDK",53.2082
"QNVQVFEFQLTAEDMK",54.2172
"DSLVPATPENIQEASK",46.9487
"FQDLGAAYEVLSDSEK",52.9082
"NPPPPINFQEWDGLVR",55.7871
"IPDEFDNDPILVQQLR",54.1823
"AYLPVNESFGFTGELR",55.6773
"QQPPAVQFVPPLPEWK",55.9551
"VLAQNSGFDLQETLVK",50.7932
"STQAATQVVLNVPETR",45.887
"VIGNQSLVNELAFTAR",52.5711
"LFDIFSQQVATVIQSR",59.64
"HTGPNSPDTANDGFVR",41.5269
"FNISNGGPAPEAITDK",46.3119
"EFADSLGIPFLETSAK",59.2128
"TPVEEVPAAIAPFQGR",50.6685
"LEEMINELAVAMTAVK",59.425
"EAATQAQQTLGSTIDK",43.1774
"VIPEDGPAAQNPENVK",42.4155
"LLGPNASPDGLIPWTR",54.978
"VTNGAFTGEISPGMIK",48.2957
"QGGLGPMNIPLVSDPK",52.5236
"ADAEALKAQLEAAGAK",42.7976
"LIVPVLLDAAVPAYDK",58.9166
"ADEDPIMGFHQMFLLK",55.7231
"INEELESQYQQSMDSK",44.0724
"LFVGNLPTDITEEDFK",55.2155
"TVIPGMPTVIPPGLTR",55.2283
"MALNHPYFNDLDNQIK",46.8649
"VSLDVNHFAPDELTVK",49.3129
"SLETENSALQLQVTER",47.1171
"HSGPNSADSANDGFVR",41.1857
"NSYVAGQYDDAASYQR",43.1393
"TVEELLETGLIQVATK",59.0047
"LYGPTNFAPIINHVAR",49.4248
"VDATEESDLAQQYGVR",46.8633
"SPLPVAFEYVGWGPAK",56.6769
"SSVLIAQQTDTSDPEK",43.1799
"SAEIDSDDTGGSAAQK",41.0124
"ITADLLSNGIDVYPQK",52.2283
"VADLTEQYNEQYGAVR",45.4245
"ENAGVDPTLAIPMIQK",53.2024
"GAGTDEGCLIEILASR",55.4011
"SETSGSFEDALLAIVK",59.595
"MTQNPNYYNLQGISHR",43.4371
"LYGDDALDNALQTFIK",60.7433
"AEAGPEGVAPAPEGEK",41.813
"VLFDPFELDTSVTPGR",59.2992
"TPAVEGLTEAEEEELR",48.2575
"GVPAGNSDTEGGQPGR",40.9667
"LLPEYPGVLSDVQEEK",51.5595
"AAAYSAQVQPVDGATR",42.4138
"DPANFQYPAESVLAYK",53.5055
"ASSTSPVEISEWLDQK",52.9912
"AVLPVAESFGFADEIR",56.5385
"VLYSNMLGEENTYLWR",54.9003
"IASLPVEVQEVSLLDK",54.9341
"ALSNLESIPGGYNALR",49.7386
"TSPVEGLSGNPADLEK",46.0139
"ATCIGNNSAAAVSMLK",45.4636
"IYGADDIELLPEAQHK",48.6955
"LNFSTPTSTNIVSVCR",48.8545
"GPPQSPVFEGVYNNSR",46.3999
"ALQDLENAASGDATVR",46.1829
"SGLLVLTTPLASLAPR",58.6599
"ETTDTDTADQVIASFK",51.3478
"QFASQANVVGPWIQTK",50.2462
"MYVPMTEDIYNAISAK",55.5331
"NLEAYAANPHSFVFTR",47.5007
"KLETEETVPETDVETK",42.0783
"DAFQNAYLELGGLGER",57.1585
"ATAGDTHLGGEDFDNR",41.9078
"ALESSIAPIVIFASNR",56.7134
"NSGQNLEEDMGQSEQK",42.0775
"EEYNGVIEEFLATGEK",56.8847
"VAGSVTELIQAAEAMK",56.5377
"LLVDVDESTLSPEEQK",49.4448
"SHMMDVQGSTQDSAIK",41.8222
"AIQGGTSHHLGQNFSK",40.9517
"SGGGGLMEEMNAMLAR",55.4824
"LPDGSEIPLPPILLGR",60.568
"GDQENVHPDVMLVQPR",44.4963
"TQEIQENLLSLEETMK",53.8843
"TQASSSFQDSSQPAGK",41.1434
"LASAFTEEQAVLYNQR",48.7713
"EAGAGGLSIAVEGPSK",45.7549
"EDIDAAIETYNLLSER",57.3073
"NDIASHPPVEGSYAPR",42.1613
"ELDALDANDELTPLGR",52.7414
"TANEGGSLLYEQLGYK",49.2733
"AQQEFAAGVFSNPAVR",48.7233
"VLPAVGISYVVYENMK",56.5419
"DPYTGQQISLFQAMQK",54.3288
"QTNLENLDQAFSVAER",51.685
"AALDGTPGMIGYGMAK",48.8876
"AMGYQPLVTMDDAMER",51.8549
"ADIFMFDEPSSYLDVK",58.4118
"GDVSNLDPNFSFEGTK",50.1222
"VMQQQQQTTQQQLPQK",41.2301
"GTATFDGTAIANAVVK",49.2649
"IFVGNVSAACTSQELR",46.1456
"ILDSVGIEADDDRLNK",45.0139
"SDLDDDIIPEEDIISR",54.4786
"VHQYFNVGLIQPGAVK",47.5803
"GMICGLDVDPVEAAAK",58.7072
"LLSPVVPQISAPQSNK",48.9729
"EVQGNESDLFMSYFPR",56.4687
"VIAALLQTMEDQGNQR",52.1702
"YGPIADVSIVYDQQSR",51.0057
"GQAAVQQLQAEGLSPR",44.7448
"SAFSNLFGGEPLSYTR",55.1064
"YSNDPVVASLAQDIFK",57.9898
"SQSAAVTPSSTTSSTR",40.9701
"SLGDDISSETSGDFRK",43.7724
"IMEGPAFNFLDAPAVR",56.2402
"VFLLGEEVAQYDGAYK",54.4304
"LQQLGEAHQAETEVLR",43.0536
"LESVSEDPTQLEEVEK",46.3144
"EANFTVSSMHGDMPQK",42.9663
"IQSATVLLNEDVSDEK",47.3669
"FATVEVTDKPVDEALR",45.4678
"ANIVHLMLSSPEQIQK",47.9172
"FQQQLEQLNAMGFLNR",54.3558
"DAGYGGISLAVEGPSK",50.193
"VMYTPMAPGNYLISVK",53.412
"GFSEGLWEIENNPTVK",52.4059
"SVGYKPDFVGFEIPDK",50.0359
"AISSASSPQSPGDALR",42.4113
"LAQEGIYTLYPFINSR",56.507
"VLIQVGYEPLPPTIGR",53.46
"EQNIVFNAETYSNLIK",53.7957
"LQQTQNQVDEVVDIMR",51.0073
"SFITTDVNPYYDSFVR",54.6023
"SETAPAAPAAAPPAEK",41.6473
"GLVCETSVLDPDEGIR",51.5578
"VQGSDSDEEVVVATTR",43.1791
"TSILAAANPISGHYDR",45.5516
"EDQLDTVLAVLEDSSR",62.7844
"VEDPTFLNQLQSGVNR",51.0953
"WQLSVATEQPELEGPR",50.546
"IMDPNIVGSEHYDVAR",44.8743
"YLNAGAGGIAGAFIHEK",47.2017
"IDLPEYQGEPDEISIQK",50.336
"LGGAVLSFSEATSSVQK",49.0128
"DSYIEVLLPLGSEPELR",61.5589
"VLAVNQENEQLMEDYEK",47.7133
"NEIVFPAGILQAPFYTR",59.6884
"SQVFSTAADGQTQVEIK",45.4228
"ALYYDLISNPDIHGTYK",49.4297
"GDLETLQPGDDVEFTIK",52.5736
"TTTLSGTAPAAGVVPSR",43.8132
"FYPEDVSEELIQDITQR",61.0941
"DVMQQQLAEYQELLDVK",59.5192
"ELAPAVSVLQLFCSSPK",60.5772
"GEELLSPLNLEQAAYAR",54.7741
"SLGYAYVNFQQPADAER",49.2384
"HELTEISNVDVETQSGK",43.2666
"QSTQVMAASMSAFDPLK",53.2505
"EIEELQSQAQALSQEGK",46.3169
"SQNIVTDSSSLSAEAIR",46.4821
"TLAQLNPESSLFIIASK",56.6747
"AVPGGAGDASVLPSLPR",49.0103
"GTSYQSPHGIPIDLLDR",49.0178
"AGQSAAGAAPGGGVDTR",41.0512
"VTAQGPGLEPSGNIANK",42.6715
"GVNLPGAAVDLPAVSEK",50.6247
"SQDLESVQEVGGSYWQR",48.7275
"GGSTGYDNAVALPAGGR",43.9424
"LSGVMVPAPIQDLEALR",57.8155
"MSASDPNSSIFLTDTAK",48.4253
"TYTDELTPIESAVSVFK",58.2406
"IIASSPEMNLPTVSALR",51.8163
"IEEVSDTSSLQPQASLK",44.9177
"MSATFIGNSTAIQELFK",57.3446
"ASLPYSQISGLNALQLR",54.2147
"TSIDAYDNFDNISLAQR",51.8196
"TNIQVTVTGPSSPSPVK",44.493
"TDITYPAGFMDVISIDK",58.7519
"GAVAEDGDELRTEPEAK",41.6573
"DRDVTFSPATIENELIK",53.7619
"GPGDTSNFDDYEEEEIR",46.7817
"DSAIPVESDTDDEGAPR",44.4539
"EIVVTDYSDQNLQELEK",50.0401
"ELESQISELQEDLESER",54.2031
"TQLEELEDELQATEDAK",54.013
"ETAPGDISPYTIPEEDR",48.0898
"NPVWYQALTHGLNEEQR",50.2121
"QVMVVPVGPTCDEYAQK",47.5837
"NLTALGLNLVASGGTAK",53.0321
"APGEQTVPALNLQNAFR",52.0656
"GQVLNSDELQELYEGLR",55.8336
"AFVAIGDYNGHVGLGVK",47.6235
"LTAELIEQAAQYTNAVR",54.0495
"SFEAPATINSASLHPEK",43.8007
"YSSDVQEMILSSATADR",51.8171
"EGMAALQSDPWQQELYR",52.6659
"EQTLSPTITSGLHNIAR",45.5823
"DDAICFNIDEDPGTVLR",55.9593
"GANAVGYTNYPDNVVFK",48.2218
"LAEMPADSGYPAYLGAR",49.0659
"KPYVLNDLEAEASLPEK",47.6277
"SLEEGEGPIAVIMTPTR",53.675
"AQGPQQQPGSEGPSYAK",41.2272
"YDAFGEDSSSAMGVENR",46.1871
"LSPPYSSPQEFAQDVGR",49.1479
"DQSAVVVQGLPEGVAFK",53.1609
"ATENDIYNFFSPLNPVR",58.9887
"EGGLGPLNIPLLADVTR",61.2944
"NEINGNWISASSINEAR",48.2617
"EYQLNDSASYYLNDLDR",52.8336
"VSEGGPAEIAGLQIGDK",48.8053
"FVINYDYPNSSEDYIHR",48.1284
"LAQDFLDSQNLSAYNTR",50.4605
"SQIFSTASDNQPTVTIK",46.2213
"EPIPSLEAIYLLSPTEK",59.3491
"NVFDEAILAALEPPEPK",61.6849
"AQYYLPDGSTIEIGPSR",53.465
"DAELAGSPELLEFLGTR",61.0475
"DLDEDELLGNLSETELK",57.3098
"EASDIILTDDNFTSIVK",55.0733
"TDYNASVSVPDSSGPER",43.3298
"HNQLPLVIEFTEQTAPK",51.1924
"MMDYLQGSGETPQTDVR",46.4007
"ENMNLSEAQVQALALSR",51.1377
"EGNVPNIIIAGPPGTGK",49.2517
"EQGVTFPSGDIQEQLIR",51.8561
"LPEDPLLSGLLDSPALK",60.1488
"ALLEAGALPNAPNSYGR",48.0857
"DENQSINHQMAQEDAQR",41.4012
"FFGGYVPEMVLTPDDQR",56.7184
"QSSATSSFGGLGGGSVR",43.7247
"IFYPEIEEVQALDDTER",55.1334
"VAFGSLAANGPTTLVDK",50.0317
"LGGNYGPTVLVQQEALK",49.0668
"ALESPERPFLAILGGAK",52.3163
"DGLLDDEEFALANHLIK",56.2951
"NAPAIIFIDELDAIAPK",65.2121
"NLEGYVGFANLPNQVYR",53.4179
"VMLGETNPADSKPGTIR",42.4396
"LTQAQIFDYGEIPNFPR",55.5811
"YDPGALVIPFSGALELK",60.5972
"NIANPTAMLLSASNMLR",58.5343
"MAATFIGNSTAIQELFK",57.5673
"LDVATDNFFQNPELYIR",57.8656
"IISVTCSFFNSQAPTPR",51.371
"MVSDINNGWQHLEQAEK",45.5001
"NATNVEQSFMTMAAEIK",55.9126
"VNVDIINFGEEEVNTEK",52.9556
"IEFGVDEVIEPSDTLPR",54.5583
"SSTGPEPPAPTPLLAER",46.9929
"TITYQAVPSEVPNEEPK",45.214
"LQHVEDGVLSMQVASAR",45.0455
"SVFVGNIPYEATEEQLK",51.053
"MVGGIAQIIAAQEEMLR",59.2151
"MASTFIGNSTAIQELFK",57.2268
"DNTQLLINQLWQLPTER",62.4941
"VHYENNSPFLTITSMTR",49.2783
"VAGALAEAGVGLEEIAK",51.929
"ATQQQHDFTLTQTADGR",42.1215
"LLLQGEADQSLLTFIDK",59.1767
"AAAAAWEEPSSGNGTAR",42.3331
"EGEEAGPGDPLLEAVPK",50.833
"FNLIDDSSGNLASVTYK",52.1528
"DTTPDELLSAVMTAVLK",72.7047
"DEENNPLETEYGLSVYK",52.9971
"MQEVVANLQYDDGSGMK",46.9292
"NEEEDQKEDEEDQNEEK",40.7992
"TAVDSGIPLLTNFQVTK",56.4172
"NITYLPAGQSVLLQLPQ",61.085
"LPPGEYILVPSTFEPNK",54.3905
"IEELDQENEAALENGIK",47.161
"GPDGLTAFEATDNQAIK",48.3423
"GQETSTNPIASIFAWTR",59.8565
"KPEDVLDDDDAGSAPLK",43.6076
"FLDGNELTLADCNLLPK",56.3815
"AMADPEVQQIMSDPAMR",50.4589
"DTILQTVDLVSQETGEK",56.2942
"ELTTEIDNNIEQISSYK",52.0301
"EFLPEGQDIGAFVAEQK",53.7782
"LTEVPVEPVLTVHPESK",46.9072
"DAEDAMDAMDGAVLDGR",54.1897
"LLQTDDEEEAGLLELLK",59.2659
"IPYLPITNFNQNWQDGK",55.7456
"VNLTLADLEQLAGSDLK",59.0464
"EAATLEVERPLPMEVEK",46.2736
"SDMYILNESLTDPAIVK",54.8106
"GATVLPANTPGNVGSGK",43.0054
"TYVTPPGTGFLPGDTAR",49.5269
"TVQLTSSELESTLETLK",54.6007
"VDNMIIQSISLLDQLDK",66.8269
"DLSSHQLNEFLAQTLQR",54.2495
"EYQLNDSAAYYLNDLDR",53.8024
"LSLSNAISTALPLTQLR",57.9448
"HIVLSGGSTMYPGLPSR",45.7616
"KIEVIKPGDLGVDLTSK",46.2288
"AAPTAASDQPDSAATTEK",41.1442
"QATTIIADNIIFLSDQTK",56.7313
"DDANNDPQWSEEQLIAAK",50.3377
"LELSDNNISGGLEVLAEK",59.6867
"VAPEEHPVLLTEAPLNPK",46.6107
"TNLIVNYLPQNMTQDELR",54.4395
"DTMSDQALEALSASLGTR",59.3867
"IAPLAEGALPYNLAELQR",55.2781
"AVETPPLSSVNLLEGLSR",56.5936
"GPAFNMASPESDFGINLK",54.0113
"VDIDVPDVDVQGPDWHLK",52.4213
"VQANLGAPDINIEGLDAK",51.3868
"IFTLGNSEFPVSWDNEVK",56.8914
"SNLAYDIVQLPTGLTGIK",57.4407
"SISVNQWGSQLGLSVLSK",55.6604
"GAGTGGLGLAVEGPSEAK",45.3358
"DQNYPGAIAIHHPNVAEK",42.4529
"KGVNLPGAAVDLPAVSEK",46.6921
"NQLDQEVEFLSTSIAQLK",61.6873
"FGEVISYQQLAALAGNPK",55.8311
"ELLVLPIYANLPSDMQAR",59.7392
"GIVDQSQQAYQEAFEISK",52.1119
"KPLTSSSAAPQRPISTQR",40.9575
"TVTNAVVTVPAYFNDSQR",50.4622
"ALLELQLEPEELYQTFQR",60.1857
"GHYTEGAELVDSVLDVVR",55.1442
"DMVTELFDPLVQGEVQHR",58.7834
"AAVATFLQSVQVPEFTPK",56.6864
"SLVASLAEPDFVVTDFAK",58.1133
"LHIIEVGTPPTGNQPFPK",46.8457
"TVVSGLVNHVPLEQMQNR",47.0787
"LELSDNIISGGLEVLAEK",59.6867
"TNVLGHLQQGGAPTPFDR",45.5973
"ASSEGGTAAGAGLDSLHK",41.7783
"SMEAEMIQLQEELAAAER",58.4077
"KLETAVNLAWTAGNSNTR",45.6395
"IFPGDTILETGEVIPPMK",57.1659
"YGMNPHQTPAQLYTLQPK",44.8643
"NVDLLSDMVQEHDEPILK",52.7912
"WDGEGSMYVPEDLLPVYK",57.9115
"SAPWNSFLPPPPPMPGPR",56.5095
"LGQSDPAPLQHQMDIYQK",44.3709
"LLSEEVFDFSSGQITQVK",55.3919
"TVDFTQDSNYLLTGGQDK",51.605
"QMGFPLIYVEAEQVEDDR",58.3395
"SGAAQGLAEVMAGLGVEK",55.8261
"GEETPVIVGSALCALEGR",56.2925
"LLTETEDWLYEEGEDQAK",53.0773
"TLNASDVLSAMEEMEFQR",61.2645
"AYDGTTYLPGIVGLNNIK",55.075
"YGINTTDIFQTVDLWEGK",61.4142
"NTPSPFIETFTEDDEASR",52.157
"ESDTGLAPPALWDLAADK",57.4815
"FQDTAEALAAFTALMEGK",63.8111
"EDAPIGPHLQSMPSEQIR",45.0877
"VLAGETLSVNDPPDVLDR",50.8422
"DIDIENLEELDPDFIMAK",65.0291
"INQDPQVMLAPLISIALK",62.7902
"AVLQALEVLPVAPPPEPR",56.2096
"TFEEDPAVGAIVLTGGDK",52.4487
"MGIQDAFADNADFSGLTK",55.0741
"EVGDGTTSVVIIAAELLK",63.8488
"GTDDIISPHGIPLDLLDR",52.1951
"VAHALAEGLGVIACIGEK",50.6297
"DNHLLGTFDLTGIPPAPR",54.4064
"VNPTVFFDIAVDGEPLGR",60.3055
"LLGTIYTAAEEIEAVGGK",56.7134
"DQVAIHEAMEQQTISIAR",45.9783
"NENTFLDLTVQQIEHLNK",55.8144
"APVDFGYVGIDSILEQMR",62.3667
"VLNYAPGPLDTDMQQLAR",52.4491
"LLTETENWLYEEGEDQAK",53.0886
"STGEVMGVGRSFGEAYYK",62.3251
"SSILLDVKPWDDETDMAK",51.7565
"ITLPVDFVTADKFDENAK",52.7472
"VSHVSTGGGASLELLEGK",44.6754
"QTIDNSQGAYQEAFDISK",48.0077
"VNPDTGYINYDQLEENAR",48.2641
"EQQEAIEHIDEVQNEIDR",45.853
"VLAPQISFAPEIASEEER",53.2564
"SSLSSAQADFNQLAELDR",52.4093
"AAVPSGASTGIYEALELR",53.2476
"LSGSNPYTTVTPQIINSK",47.2855
"SQGYDWSEPFSPGEDEFK",53.2107
"GGGGGQDNGLEGLGNDSR",42.8343
"TVLQIDDNVTSAVEGINR",52.1553
"IEAELQDICNDVLQLLDK",67.9688
"LASTNSSVLGADLPSSMK",48.0043
"AYPDVAALSDGYWVVSNR",55.9159
"GYGFCEYQDQETALSAMR",50.2129
"DESSPYAAMLAAQDVAQR",53.2939
"IWDPTPSHTPAGAATPGR",42.6748
"SKPGAAMVEMADGYAVDR",45.1292
"GESDPAYQQYQDAANNLR",45.8945
"LSPEPWTPETGLVTDAFK",55.8717
"NLDLAVLELMQSSVDNTK",60.836
"LSLEGDHSTPPSAYGSVK",42.8868
"ILAIGLINEALDEGDAQK",58.2239
"VPLAPITDPQQLQLSPLK",54.6471
"AIEPPPLDAVIEAEHTLR",53.6584
"AALAHSEEVTASQVAATK",41.8653
"MTDSFTEQADQVTAEVGK",48.4768
"ETETVFVPVIQAGMEALK",59.8699
"VQLLEIAQVPDEHVNEFK",50.1272
"ENAPAIIFIDEIDAIATK",67.4004
"AYYEDSPQQVFSAEFEVK",53.6817
"TVAGGAWTYNTTSAVTVK",46.6539
"APVAGTCYQAEWDDYVPK",50.676
"MASNIFGTPEENQASWAK",49.3196
"KPAEQAEETAPIEATATK",41.5294
"AIEEIAGVGVPELINSPK",54.0478
"LAALNPESNTAGLDIFAK",53.7585
"VNQWTTNVVEQTLSQLTK",59.2709
"LFLNETQTQEITEDIPVK",53.3799
"EDGTFYEFGEDIPEAPER",53.5932
"NPVEGFSAGLIDDNDLYR",54.2205
"QPMNAASGAAMSLAGAEK",45.257
"YYTEFPTVLDITAEDPSK",57.1474
"GAGIGGLGITVEGPSESK",48.9764
"ILIVGGGVAGLASAGAAK",50.6205
"VFQTEAELQEVISDLQSK",58.8607
"GPPQEEEEEEDEEEEATK",41.741
"DLDFANDASSMLASAVEK",59.1357
"SEGALELADVSNELPGLK",54.8936
"ETIDNNSVSSPLQSLQQR",47.7584
"NPAPPIDAVEQILPTLVR",60.901
"TLTGTAALTVQSQEDNLR",46.4432
"TAWGQQPDLAANEAQLLR",51.2632
"LITSVADVVNNDPMVGSK",51.3885
"DAATIMQPYFTSNGLVTK",55.0243
"TVIESSPESPVTITEPYR",48.1787
"FLSQPFQVAEVFTGHMGK",54.8371
"IMVVGSTINDVLAVNTPK",54.388
"YQPLASTASDNDFVTPEPR",47.7159
"EIFDIAFPDEQAEALAVER",58.8879
"GEDVPLTEQTVSQVLQSAK",53.7189
"ELVEPLTPSGEAPNQALLR",50.926
"DNLTLWTSDMQGDGEEQNK",52.6668
"STNGDTFLGGEDFDQALLR",56.5329
"TTTTNTQVEGDDEAAFLER",46.5304
"FEQQLAQTDGTLSTLEFQR",51.3673
"TLYLADTFPTNFEDPEGAK",55.4128
"LHISPSNMTNQNTPEYMEK",43.4712
"SEIIPMFSNLASDEQDSVR",55.7498
"EGDTIIVPGVEGPIVTQIR",55.5803
"AAESLADPTEYENLFPGLK",57.529
"GPSLDIDTPDVNIEGPEGK",50.4597
"GIDVQQVSLVINYDLPTNR",56.5977
"FANSLVGVQQQLQAFNTYR",54.8421
"TQTAIASEDMPNTLTEAEK",46.0215
"ATCAPQHGAPGPGPADASK",40.8889
"IPEISIQDMTAQVTSPSGK",53.3352
"GEELGGGQDPVQLLSGFPR",55.8327
"SIEEQLGTEIKPIPSNIDK",47.5455
"FQSSHHPTDITSLDQYVER",44.6677
"SPITGNDLSPPVSFNLMFK",57.9556
"AIDIYEQVGTNAMDSPLLK",54.8605
"IWCFGPDGTGPNILTDITK",58.9369
"FGVPVIADGGIQNVGHIAK",49.4775
"DELHIVEAEAMNYEGSPIK",52.7256
"TDAPQPDVKEEEEEKEEEK",41.1188
"YLLSQSSPAPLTAAEEELR",52.8327
"FGIVTSSAGTGTTEDTEAK",44.2847
"SVDPENNPTLVEVLEGVVR",60.328
"LPVVIGGLLDVDCSEDVIK",59.0556
"TQPYDVYDQVEFDVPVGSR",53.8489
"AIAVLTSGGDAQGMNAAVR",46.5694
"VGDGDLSAEEIPENEVSLR",49.1961
"AIGVLTSGGDAQGMNAAVR",46.2719
"MQQNIQELEEQLEEEESAR",52.6243
"LEGMLSQSVSSQYNMAGVR",48.8161
"EDLQPVQIQSLETLGVLAR",58.5451
"WNTDNTLGTEITVEDQLAR",52.6653
"IVENSDAVTEILNNAELLK",58.2033
"QLTVQMMQNPQILAALQER",55.6654
"LVILDEADAMTQDAQNALR",57.3823
"LQNLDALTNLTVLSMQSNR",57.2717
"ILATPPQEDAPSVDIANIR",50.3592
"VLPLEALVTDAGEVTEAGK",59.4742
"AGLGSGLSLSGLVHPELSR",51.3303
"NDLSPASSGNAVYDFFIGR",58.4176
"VILQDFTGVPAVVDFAAMR",60.9235
"HIDSAHLYNNEEQVGLAIR",44.3891
"QIAALGIYPAVDPLDSTSR",56.2112
"FVVDLSDQVAPTDIEEGMR",54.9036
"GTIVLASPGWTTHSISDGK",46.9089
"NPYYGGESASITPLEDLYK",53.2589
"VPSTEAEALASSLMGLFEK",67.4268
"EEDGSLSLDGADSTGVVAK",46.6506
"TEPTEDSGISLEMAAVTVK",51.8966
"LEDIANAALAASAVTQVAK",53.5427
"EAAWAITNATSGGTPEQIR",47.8005
"VPFLEVNDPGEPSGLETLK",54.0528
"ELFVQSEIFPLETPAFAIK",61.7881
"APPSVFAEVPQAQPVLVFK",56.0657
"TGGQVPDTNYIFMGDFVDR",56.3874
"QTTVANSQQAYQEAFEISK",52.7497
"QVAELGIYPAVDPLDSTSR",65.9479
"QTTVSNSQQAYQEAFEISK",46.9521
"ILPVFDEPPNPTNVEESLK",54.8181
"GSYGDLGGPIITTQVTIPK",52.478
"IQVTPPGFQLVFLPFADDK",64.1156
"TAFDDAIAELDTLNEDSYK",59.969
"DTPENNPDTPFDFTPENYK",53.0471
"EPNSENVDISSGGGVTGWK",46.2338
"RPTPQDSPIFLPVDDTSFR",51.2274
"EMEENFAVEAANYQDTIGR",51.5056
"TATEEWGTEDWNEDLSETK",50.3394
"AAGYDLYSAYDYTIPPMEK",54.4807
"ADAVGLLGEDRSQEFTKDK",71.8587
"LIPEMDQIFTEVEMTTLEK",66.0562
"ESDLPSAILQTSGVSEFTK",55.2607
"ILEQEEEEEQAGKPGEPSK",41.6075
"MTLDTLSIYETPSMGLLDK",58.3386
"TAFDEAIAELDTLNEDSYK",60.204
"VPSTETEALASNLMGMFEK",59.819
"EIADLGEALATAVIPQWQK",61.7334
"YMNSGPVVAMVWEGLNVVK",61.7351
"DDIAQVDYVEPSQNTISLK",51.313
"VTIAQGGVLPNIQAVLLPK",58.4129
"LGGTIDDCELVEGLVLTQK",56.6696
"TLEIPGNSDPNIIPEGDFK",52.7489
"ITPLEIEVLEETVQTMDTS",68.5072
"IVILDEADSMTSAAQAALR",56.4571
"SPAGPAATPAQAQAASTPR",41.6565
"ALGAAAAGPELAELQEMWK",57.5265
"GLTVPIASIDIPSGWDVEK",58.3144
"EVSQPDWTPPPEVTLVLTK",56.6844
"VAVLGASGGIGQPLSLLLK",58.7292
"GLQAQIASSGLTVEVDAPK",50.1247
"EELQSGVDAANSAAQQYQR",44.086
"DMIILPEMVGSMVGVYNGK",64.1125
"IAQFLSDIPETVPLSTVNR",56.0442
"DTNGENIAESLVAEGLATR",57.5186
"YSDLTTLVAFPSSSVYPTK",55.8859
"AYSDPSTGEPATYGELQQR",44.0302
"FLEVQYLTGGLIEPDTPGR",57.9652
"TVLMNPNIASVQTNEVGLK",50.0409
"NENTEGSPQEDGVELEGLK",45.7658
"PAGPVQAVPPPPPVPTEPK",46.6082
"DATNVGDEGGFAPNILENK",52.0473
"YVASYLLAALGGNSSPSAK",55.3973
"NLPPSGAVPVTGIPPHVVK",46.0021
"DDGISFSNQTGPAWAGSER",50.3775
"SEQDQAENEGEDSAVLMER",44.7507
"IFSPNVVNLTLVDLPGMTK",60.2015
"EYFGAFGEIENIELPMDTK",59.7899
"SQDQMTEDLSLFLGNNTIR",58.9706
"IATTTASAATAAAIGATPR",44.9575
"LQGINCGPDFTPSFANLGR",53.4675
"ELFSPLHALNFGIGGDTTR",55.3928
"INNVPAEGENEVNNELANR",44.2864
"LAAIIPDPVVAPSIVPVLK",59.5071
"ADDLLPLGDQTQDGDFGSR",52.4118
"ACADATLSQITNNIDPVGR",51.8586
"TMLELLNQLDGFQPNTQVK",59.5884
"LSNTQGVVSAFSTMMSVHR",51.8983
"LQQQQRPEDAEDGAEGGGK",40.8806
"ALQAAYGASAPSVTSAALR",46.2279
"EELMSSDLEETAGSTSIPK",48.3896
"VLDIPGQDSETVFDIQNDR",53.9108
"AQEALLQLSQALSLMETVK",62.9867
"DTLVQGLNEAGDDLEAVAK",55.8111
"GGHMDDGGYSMNFNMSSSR",44.837
"AIAELGIYPAVDPLDSTSR",56.2112
"GWFDAEGQALDGVSISDLK",57.9523
"GPAFVNPLIPESPEEEELFR",58.3803
"AELGIPLEEVPPEEINYLTR",57.6572
"MEEESGAPGVPSGNGAPGPK",42.2472
"ETMLSDGLNSLTYQVLDVQR",59.3566
"VNNASLIGLGYTQTLRPGVK",47.6185
"VIESTQDLGNDLAGVMALQR",55.5389
"LLYPADTPVGNDQLLEILNK",58.5097
"IGGDAGTSLNSNDYGYGGQK",43.5219
"YESSALPSGQLTSLSEYASR",50.6355
"SELPLDPLPVPTEEGNPLLK",57.6555
"IGEHTPSALAIMENANVLAR",51.9008
"TLYVEEVVPNVIEPSFGLGR",59.1541
"SLAYLTAATHGLDEEAESLK",51.0555
"YEEYDNAIITMMNHPTDAWK",53.935
"ETEGGTVLTATTSELEAINK",52.7082
"LVPLLDTGDIIIDGGNSEYR",58.195
"IIGLDQVAGMSETALPGAFK",57.8041
"VPEGVAGAPNEAALLALMER",56.8499
"ILNNSGLPITSAIDLEDAAK",54.9445
"DQVTAQEIFQDNHEDGPTAK",45.2165
"TLAQAMLNNAQPDQYEAPDK",48.0102
"TQGNVFATDAILATLMSCTR",61.6289
"SLADLPNFTPFPDEWTVEDK",60.6748
"VTFALPDDAETEDTGVLNVK",53.5941
"GHPDLQGQPAEEIFESVGDR",49.3213
"GNNISSGTVLSDYVGSGPPK",49.6162
"DVVENGETADQTLSLMEQLR",56.9354
"TIGGGDDSFNTFFSETGAGK",53.74
"EPPTDVTPTFLTTGVLSTLR",59.1407
"IVASTLSNPELFEEWTGNVK",56.2171
"VPADTEVVCAPPTAYIDFAR",54.1006
"AQLSDYSDIVTTLDLAPPTK",57.4465
"ALGTPNNEVWPEVESLQDYK",53.8082
"SEALPTDLPAPSAPDLTEPK",50.8447
"KPGMFFNPEESELDLTYGNR",51.0165
"QILVGDIGDTVEDPYTSFVK",56.2892
"AMFLQPDLDSLVDFSTNNQK",59.9211
"WSTDDVQINDISLQDYIAVK",57.6717
"GVGVFGDMAKDTGIPADIWR",59.0122
"DTVTISGPQAPVFEFVEQLR",63.1259
"ETTYYDVLGVKPNATQEELK",47.885
"VAIAALEVLEEENLAENADK",56.6852
"ATTLSNAVSSLASTGLSLTK",56.1689
"ESTGAQVQVAGDMLPNSTER",46.3186
"VAMANIQPQMLVAGATSIAR",54.7687
"EYDLIVHQLATYPDVNNSIK",51.734
"EANLQALIATGGDINAAIER",56.2967
"GVTIASGGVLPNIHPELLAK",51.1717
"GEPVSAEDLGVSGALTVLMK",57.9498
"LPSPTSPFSSLSQDQAATSK",48.9408
"LQQQAALSPTTAPAVSSVSK",44.2439
"AEGDSAGTAGTPGGTPAGDK",41.0612
"VLQAQGSSDPEEESVLYSNR",45.2603
"VPLASQGLGPGSTVLLVVDK",54.8123
"LPLQLDDAVRPEAEGEEEGR",46.898
"DALNLAQMQEQTLQLEQQSK",54.4952
"EENGVLVLNDANFDNFVADK",56.4314
"LIEAEDNMNCQMSNITVTYR",49.4091
"YFHVVIAGPQDSPFEGGTFK",50.9294
"QLEVYTSGGDPESVAGEYGR",47.2059
"NYGSYSTQASAAAATAELLK",50.1264
"DALDGPAAEAEPEHSFDGLR",47.3752
"QADTVYFLPITPQFVTEVIK",64.1939
"ATGYLELSNWPEVAPDPSVR",55.5406
"MLLDPMGGIVMTNDGNAILR",58.8978
"FTASAGIQVVGDDLTVTNPK",52.6193
"ILLQGTPVAQMTEDAIDGER",54.9486
"GNDISSGTVLSDYVGSGPPK",49.4058
"GPVSGTEPEPVYSMEAADYR",47.8437
"LVLEQVVTSIASVADTAEEK",62.211
"GDQPAASGDSDDDEPPPLPR",43.9879
"EVTDTQMPLVAPVILPEMYK",59.784
"EEEGTGVVHQAPYFGAEDYR",45.2173
"YFILPDSLPLDTLLVDVEPK",69.248
"EAAGTTAAAGTGGATEQPPR",41.3125
"GLHVVEVTYDDVPIPNSPFK",52.2001
"APSPLYSVEFSEEPFGVIVR",58.5909
"VMTIAPGLFGTPLLTSLPEK",60.4545
"ELMGEEILGASLSAPLTSYK",58.4401
"DMDLVEVNEAFAPQYLAVER",59.9299
"YPLIIDPSGQATEFIMNEYK",59.3142
"SQEDPYLSIYDPPVPDFTIMK",59.6567
"EELSALVAPAFAHTSQVLVDK",53.5807
"DDEFTHLYTLIVRPDNTYEVK",55.6107
"DVSSLFPDVVNCMQTDNLELK",61.1218
"GAVVGIDLGTTNSCVAVMEGK",51.8603
"DLYGNIVLSGGTTMFNGIADR",57.3621
"NIDDGTSDRPYSHALVAGIDR",43.8957
"DGPLNMILDDGGDLTNLIHTK",60.1659
"APEVNLNAPDVDVHGPDWNLK",49.7902
"TPSFGISAPQVSIPDVNVNLK",55.6646
"TVSEWISQMATLPQASNLATR",57.4032
"DLYANTVLSGGTTMYPGIADR",56.8107
"LVQIEYALAAVAGGAPSVGIK",58.6741
"NALFPEVFSPTPDENSDQNSR",54.6555
"VDVGGSEPASLSYLSFEGATK",53.2116
"LSENNIQTIFAVTEEFQPVYK",60.3466
"MSVQPTVSLGGFEITPPVVLR",59.4267
"FTALSSESIENLPSVFGSNPK",55.6233
"SGLGELILPENEPGSSIMPGK",54.6073
"DFSALESQLQDTQELLQEENR",60.2536
"SYDVPPPPMEPDHPFYSNISK",48.2451
"LGEIVTTIPTIGFNVETVEYK",58.6799
"VIISAPSADAPMFVMGVNHEK",50.6364
"EVSDGIIAPGYEEEALTILSK",59.0589
"TSSLAPVVGTTTTTPSPSAIK",46.3609
"APLDIPIPDPPPKDDEMETDK",49.3991
"EESSELEQPFAQDTSSVGPDR",47.5887
"DLYGNIVLSGGTTMFPGIGER",57.5754
"FEGSLNVDLAEFQTNLVPYPR",60.503
"LSPPSSSAASSYSFSDLNSTR",47.4609
"WQHDLFDSGFGGGAGVETGGK",48.7291
"AQFAQPEILIGTIPGAGGTQR",54.0562
"ASYGVEDPEYAVTQLAQTTMR",55.7971
"STQAPLIIRPDSGNPLDTVLK",52.1161
"VTGEADVEFATHEEAVAAMSK",46.4458
"ASAFALQEQPVVNAVIDDTTK",54.9045
"FDGALNVDVNEFQTNLVPYPR",60.503
"VFQSLPHENKPLTLSNYQTNK",43.3066
"DIETFYNTSIEEMPLNVADLI",76.5953
"LSAASTWLEDEGVGATTVMLK",55.8353
"VESVFETLVEDSAEEESTLTK",60.2187
"AIPDLTAPVAAVQAAVSNLVR",67.7576
"DLNSQADSLMTSSAFDTSQVK",53.4262
"EAFLNTEDKGDSLDSVEALIK",53.4271
"NQALNTDNYGHDLASVQALQR",46.0857
"LTQSPCALVASQYGWSGNMER",51.7356
"AQLSVVDPDSAPGEIEYEVQR",51.0157
"DVSALFPDVVNCMQTDNLELK",61.2285
"FQSDSSSYPTVDSNSLLGQSR",48.5183
"AVTDSINQLITMCTQQAPGQK",53.9342
"VSQMAQYFEPLTLAAVGAASK",58.2838
"LLSRPQDALEGVVLSPSLEAR",51.7298
"VVSLNGELGDSWIVPLDNLTK",60.4179
"VAPAEPQEAPDSTAAGGSASK",41.5302
"LTPLPEDNSMNVDQDGDPSDR",46.9537
"ALSGTSPDDVQPGPSVGPPSK",43.5228
"QGQYSPMAIEEQVAVIYAGVR",58.8908
"ATGSYIAGTNGNSNGLVPMLR",50.5079
"NLPGLVQEGEPFSEEATLFTK",56.8132
"AENNSEVGASGYGVPGPTWDR",47.4787
"SHYADVDPENQNFLLESNLGK",48.8311
"VDGAEWGVDLPSVEAQLGSHR",52.9938
"LGGLTQAPGNPVLAVQINQDK",50.8023
"VIAINVDDPDAANYNDINDVK",50.2554
"TEVNGFDPLFNAITGLNGSGK",59.812
"VEGTEPTTAFNLFVGNLNFNK",59.8565
"HTFSGVASVESSSGEAFHVGK",43.4254
"SQAPLESSLDSLGDVFLDSGR",60.2065
"NAVTQFVSSMSASADVLALAK",66.2663
"DGTYAVTYVPLTAGMYTLTMK",60.7065
"VLQHYQESDKGEELGPGNVQK",41.5173
"EVEEISLLQPQVEESVLNLGK",59.2097
"GAILSEEELAAMSPTAAAVAK",52.9987
"KIEEAMDGSETPQLFTVLPEK",51.2273
"DVPNPNQDDDDDEGFSFNPLK",55.2466
"SLSVLSSSTIIANPDIPEAYK",54.0595
"IDNSQVESGSLEDDWDFLPPKK",51.8511
"FVDGLMIHSGDPVNYYVDTAVR",52.8211
"SAATSGAGSTTSGVVSGSLGSR",42.5876
"DGELPVEDDIDLSDVELDDLGK",60.4942
"THIQDNHDGTYTVAYVPDVTGR",44.4555
"YTPVQQGPVGVNVTYGGDPIPK",49.0278
"VALIGSPVDLTYTYDHLGDSPK",53.6684
"NPGVGNGDDEAAELMQQVNVLK",55.0326
"ASEIMVDDEELAQHPATTEDIR",45.9285
"FGQAATMEGIGAIGGTPPAFNR",52.0829
"AVEHLDDLPGALSELSDLHAHK",49.2143
"MLPTIIADNAGYDSADLVAQLR",58.2
"LPAELQELPGLSHQYWSAPSDK",52.254
"FLPGYVGGIQEGAVTPAGVVNK",51.5678
"SSGSPYGGGYGSGGGSGGYGSR",41.867
"GMDSGFAGGEDEIYNVYDQAWR",56.5602
"SAYQTIDSAEAPADPFAVPEGR",51.2715
"TQTSDPAMLPTMIGLLAEAGVR",65.5459
"AITVFSPDGHLFQVEYAQEAVK",53.0902
"LNDGHFMPVLGFGTYAPPEVPR",54.4862
"EKPYFPIPEEYTFIQNVPLEDR",56.0945
"ILTSVDQYLELIGNSLPGTTAK",62.0894
"YGPGEPSPVSETVVTPEAAPEK",46.1051
"QVLGQMVIDEELLGDGHSYSPR",52.4383
"ATSDLLLVQSDLYTLQDGFVTR",61.1008
"QQAIELTQEEPYSDIIATPGPR",52.2848
"INALTAASEAACLIVSVDETIK",68.6109
"NLEALALDLMEPEQAVDLTLPK",67.2946
"ETVVEVPQVTWEDIGGLEDVKR",54.7402
"AGAIAPCEVTVPAQNTGLGPEK",46.6353
"LVGPEGFVVTEAGFGADIGMEK",57.3998
"AIEHADGGVAAGVAVLDNPYPV",53.6817
"EETPGQRPAVTETHQLAELNEK",42.2896
"DLGLSESGEDVNAAILDESGKK",49.3519
"LIDAETTAAAWPNVAAVSITGR",55.7938
"YPALTKPENQDIDWTLLEGETR",51.9795
"VFTTQELVQAFTHAPATLEADR",57.0598
"SGETEDTFIADLVVGLCTGQIK",66.5899
"TLVLSNLSYSATEETLQEVFEK",60.6557
"EPGQDLVVLPLTITSDFIPSFR",68.9947
"EADIDGDGQVNYEEFVQMMTAK",59.6576
"EPACDDPDTEQAALAAVDYINK",53.4972
"DNYVPEVSALDQEIIEVDPDTK",58.9997
"LLSSAFDEVYPALPSDVQTAIK",56.9408
"AHGPGLEGGLVGKPAEFTIDTK",45.2768
"IPFYGSYTEMDPVIIASEGVEK",57.8748
"QDLLTAAPASEIAEGLNLHTIR",54.0868
"QGGDVLQNEEGETTSHLMGMFYR",52.9074
"GNFGGSFAGSFGGAGGHAPGVAR",44.9633
"LSYVALDFEQEMQTAASSSSLEK",63.697
"FNEEHIPDSPFVVPVASPSGDAR",50.9319
"TATESFASDPILYRPVAVALDTK",53.0487
"GVVPLAGTNGETTTQGLDGLSER",49.3527
"AGAAPYVQAFDSLLAGPVAEYLK",67.4639
"NLSPYVSNELLEEAFSQFGPIER",64.9758
"IYDDDFFQNLDGVANALDNVDAR",63.0387
"LEGDSTDLSDQIAELQAQIAELK",63.173
"TVGTPIASVPGSTNTGTVPGSEK",44.8793
"AIAGVINQPYYNYEAGPDAVLGR",53.3031
"ASPSPTDPVVPAVPIGPPPAGFR",53.8065
"HSSVYPTQEELEAVQNMVSHTER",49.8667
"SLLVIPNTLAVNAAQDSTDLVAK",57.129
"IITITGTQDQIQNAQYLLQNSVK",55.5298
"YVIHTVGPIAYGEPSASQAAELR",47.293
"LNSNTQVVLLSATMPSDVLEVTK",57.3019
"ASLVALPEQTASEEETPPPLLTK",52.7523
"DITGTLSNPEVFNYGVETHEAYK",51.214
"GPHLANSILFQSSGLTNGIIEEK",51.6338
"GPGLGSTQGQTIALPAQGLIEFR",55.8801
"SEPTQALELTEDDIKEDGIVPLR",53.2481
"SINPDEAVAYGAAVQAAILMGDK",61.6123
"AAGLATMISTMRPDIDNMDEYVR",55.1048
"LCYVALDFEQEMLTAASSSSLEK",73.9818
"GSLLGCSIDITSAADSEAITFQK",55.6688
"VELNALMTDETISNVPILILGNK",62.4202
"GEQQPISSPWDVVFGTSGSEVQR",57.1117
"LATLGGSQALGLDGEIGNFEVGK",55.2044
"GQHVTGSPFQFTVGPLGEGGAHK",46.3526
"APVNTAELTDLLIQQNHIGSVIK",54.6355
"LVGQGASAVLLDLPNSGGEAQAK",51.729
"LVPLLLEDGGEAPAALEAALEEK",61.0062
"IDDPTDSKPEDWDKPEHIPDPDAK",43.5211
"LAAAISEVVSQTPASTTQAGAPPR",48.0118
"VETGVLKPGMVVTFAPVNVTTEVK",52.4249
"NVMSAFGLTDDQVSGPPSAPAEDR",52.7946
"ASGPGLNTTGVPASLPVEFTIDAK",55.5853
"TIIGSFNGALAAVPVQDLGSTVIK",59.2751
"VWGNVVTVEWADPVEEPDPEVMAK",57.608
"QTQTFTTYSDNQPGVLIQVYEGER",53.3985
"IHVSDQELQSANASVDDSRLEELK",44.9546
"IYEDHDATQQLQGFYEQVANPLLR",55.8701
"DKPSGDTAAVFEEGGDVDDLLDMI",66.7863
"GQLTTDQVFPYPSVLNEEQTQFLK",57.3515
"ILGGVISAISEAAAQYNPEPPPPR",58.3678
"LAENSASSDDLLVAEVGISDYGDK",54.5276
"VETGILRPGMVVTFAPVNITTEVK",54.5085
"QPYITQNYFPVGTVVEYECRPGYR",51.643
"SLYQSAGVAPESFEYIEAHGTGTK",48.7241
"IFTASNVSSVPLPAENVTITAGQR",52.2864
"LNSNTQVVLLSATMPSDVLEVTKK",53.5022
"QITIIDSPSFIVSPLNSSSALALR",59.7674
"VLLGSVSGLAGGFVGTPADLVNVR",58.9748
"QILLGPNTGLSGGMPGALPSLPGK",55.4584
"NSGMPPGAAAIAVLPVTLDTPMNR",57.9173
"LPSEGPRPAHVVVGDVLQAADVDK",46.7352
"TQSSASLAASYAAQQHPQAAASYR",42.714
"ATTPVIMVGPGTGVAPFIGFIQER",61.166
"VLSEDEEDVDFDIIHNANDTFTVK",53.3736
"DPDAGIDEAQVEQDAQALFQAGELK",61.5104
"VEQIAAIAQELNELDYYDSPSVNAR",59.1751
"DGELPVEDDIDLSDVELDDLGKDEL",63.3386
"AEGSDVANAVLDGADCIMLSGETAK",55.3454
"YVEPIEDVPCGNIVGLVGVDQFLVK",61.6806
"NMGGPYGGGNYGPGGSGGSGGYGGR",42.6092
"LEGEDQFLEVAEAPEATQATFPVHR",52.8477
"TALLDAAGVASLLTTAEVVVTEIPK",74.1637
"VSNGAGTMSVSLVADENPFAQGALR",56.8574
"DGDVTVTNDGATILSMMDVDHQIAK",56.1664
"QFLQAAEAIDDIPFGITSNSDVFSK",61.0825
"ASPAGTAGGPGAGAAAGGTGPLAAR",42.7173
"AGQVVTIWAAGAGATHSPPTDLVWK",52.3603
"QQSHFAMMHGGTGFAGIDSSSPEVK",44.2405
"APPPLPPVYSMETETPTAEDIQLLK",56.9262
"ETFASTASQLHSNVVNYVQQIVAPK",55.4883
"LLEDGEDFNLGDALDSSNSMQTIQK",55.7406
"NPNAMLVNLEEPLASTYQDILYQAK",61.7276
"YVAVMPPHIGDQPLTGAYTVTLDGR",52.5745
"DLSAAGIGLLAAATQSLSMPASLGR",68.8059
"IFTDLQSEGFPVIETSTLTEEGVIK",59.0481
"VIPATDLSEQISTAGTEASGTGNMK",49.0709
